frame,left_opening,right_opening
0,34.00,37.00
1,32.00,36.00
2,32.00,37.00
3,31.00,35.00
4,13.00,35.00
5,33.00,37.00
6,12.00,36.75
7,33.00,36.00
8,33.00,35.00
9,31.00,34.00
10,32.00,34.00
11,33.00,34.00
12,30.00,33.90
13,33.00,34.00
14,33.00,34.00
15,34.00,34.00
16,34.30,34.00
17,34.00,36.15
18,33.00,34.00
19,32.00,32.40
20,31.15,33.00
21,29.00,34.00
22,34.00,35.00
23,29.00,37.00
24,33.00,34.00
25,33.00,34.00
26,34.00,35.00
27,11.00,15.00
28,12.00,15.00
29,11.00,10.00
30,14.00,13.65
31,19.00,17.00
32,21.00,22.70
33,23.00,24.00
34,24.00,24.00
35,25.00,24.00
36,26.00,25.00
37,27.00,26.00
38,27.00,26.00
39,26.00,29.00
40,27.00,29.00
41,27.00,26.00
42,26.00,27.00
43,27.00,27.00
44,27.00,26.00
45,27.00,28.00
46,29.00,26.00
47,27.00,27.00
48,30.00,28.00
49,29.95,28.00
50,28.00,27.00
51,31.00,29.00
52,29.00,28.00
53,30.00,28.00
54,27.00,28.00
55,12.00,28.00
56,30.00,29.00
57,16.00,29.00
58,20.00,28.05
59,30.00,28.00
60,30.00,29.00
61,31.00,28.00
62,29.00,28.00
63,29.00,29.00
64,29.00,29.00
65,28.00,28.00
66,28.00,29.00
67,30.00,29.00
68,29.00,28.00
69,29.00,28.00
70,31.00,30.00
71,29.05,28.00
72,28.00,30.00
73,30.00,30.00
74,30.00,29.00
75,28.00,30.00
76,27.00,31.00
77,26.00,30.00
78,29.00,29.00
79,27.00,30.00
80,27.00,29.00
81,27.00,30.30
82,30.00,30.00
83,30.00,29.00
84,32.00,29.00
85,31.00,30.00
86,30.00,29.00
87,30.00,31.00
88,29.00,30.00
89,29.00,31.00
90,30.00,31.00
91,29.00,30.00
92,30.00,31.00
93,29.00,31.00
94,27.00,31.00
95,30.00,30.00
96,28.00,29.00
97,29.00,29.00
98,29.00,30.00
99,19.00,29.00
100,19.00,28.00
101,29.00,31.00
102,18.00,30.00
103,30.00,31.00
104,12.00,31.00
105,18.00,31.00
106,30.00,31.00
107,18.00,30.00
108,18.00,30.00
109,18.00,30.00
110,11.00,30.00
111,19.00,26.00
112,30.00,29.00
113,30.00,28.00
114,13.00,31.00
115,32.00,30.85
116,30.00,31.00
117,28.00,30.00
118,18.90,32.00
119,29.00,30.00
120,31.00,31.00
121,32.00,32.00
122,30.00,31.00
123,32.00,31.00
124,32.00,32.00
125,19.00,28.00
126,11.00,10.00
127,11.00,9.00
128,11.00,11.00
129,20.00,17.00
130,22.00,20.00
131,23.00,22.00
132,26.00,26.00
133,24.00,27.95
134,29.00,26.00
135,27.00,27.00
136,30.00,28.00
137,29.00,29.00
138,30.00,28.00
139,29.00,27.00
140,30.00,26.00
141,29.00,29.00
142,31.00,30.00
143,27.00,30.00
144,29.00,29.00
145,31.00,28.00
146,30.00,28.00
147,30.00,30.00
148,33.00,29.00
149,26.00,29.00
150,30.00,28.00
151,29.00,30.00
152,30.00,31.00
153,30.00,30.00
154,29.00,29.00
155,28.00,30.00
156,30.00,29.00
157,27.00,29.00
158,29.00,30.00
159,29.00,30.00
160,29.00,30.00
161,27.00,31.00
162,27.00,31.00
163,30.00,29.00
164,27.00,30.20
165,29.00,30.00
166,27.00,30.00
167,27.00,29.00
168,30.00,28.00
169,29.00,30.00
170,12.00,30.00
171,30.00,29.00
172,29.00,30.00
173,29.55,30.00
174,30.55,30.40
175,31.00,30.00
176,25.00,30.00
177,14.00,30.00
178,33.00,31.00
179,27.35,31.00
180,31.00,31.00
181,31.00,31.00
182,31.00,30.00
183,13.00,30.00
184,31.40,32.00
185,33.00,31.00
186,30.00,31.00
187,31.00,32.00
188,28.55,32.00
189,30.00,31.00
190,28.00,30.00
191,31.00,32.00
192,32.00,31.00
193,32.00,32.00
194,12.40,32.00
195,31.00,32.00
196,28.00,31.00
197,30.00,32.00
198,30.05,32.00
199,28.00,31.00
200,29.00,31.00
201,28.00,31.00
202,30.00,32.00
203,29.00,32.00
204,29.00,32.00
205,29.00,33.00
206,31.00,32.00
207,28.00,31.00
208,30.00,32.00
209,30.00,31.00
210,28.00,31.00
211,31.00,32.00
212,26.00,33.00
213,20.00,21.00
214,16.00,12.00
215,12.00,14.00
216,10.00,0.00
217,15.00,13.00
218,20.00,20.00
219,23.00,22.00
220,20.50,24.00
221,21.00,25.00
222,21.00,22.75
223,24.00,26.75
224,25.00,25.00
225,25.00,21.30
226,26.00,24.00
227,25.00,24.00
228,26.00,25.00
229,24.30,25.20
230,24.00,26.00
231,25.00,26.00
232,25.00,25.00
233,27.00,25.00
234,26.00,26.00
235,27.00,24.00
236,26.00,25.00
237,27.00,24.00
238,26.00,25.00
239,27.00,26.00
240,30.00,27.00
241,29.00,27.00
242,21.00,27.00
243,30.00,27.00
244,29.00,27.00
245,27.00,27.00
246,17.00,27.00
247,25.00,27.00
248,32.00,28.00
249,24.00,26.00
250,31.00,30.00
251,32.85,28.00
252,27.00,27.00
253,30.00,28.00
254,31.00,29.00
255,30.80,29.00
256,26.40,28.00
257,28.00,29.00
258,28.00,30.00
259,29.00,28.70
260,31.00,28.00
261,31.00,30.00
262,30.00,30.00
263,28.00,28.00
264,29.00,28.00
265,19.00,28.00
266,31.45,29.00
267,30.00,30.00
268,32.00,30.00
269,16.00,30.00
270,12.85,30.00
271,30.00,30.00
272,29.00,28.00
273,31.00,30.00
274,31.00,30.00
275,29.80,30.00
276,29.00,30.00
277,29.00,30.00
278,29.00,29.00
279,29.00,30.00
280,32.10,29.00
281,28.00,31.00
282,32.00,30.00
283,31.00,29.00
284,30.00,30.00
285,32.00,31.00
286,31.00,31.00
287,28.00,30.00
288,31.00,30.00
289,30.00,30.00
290,25.00,29.00
291,27.00,28.00
292,28.00,29.00
293,27.00,31.00
294,28.00,30.00
295,26.00,29.00
296,28.50,29.00
297,30.00,29.00
298,28.00,28.00
299,23.00,30.00
300,27.80,30.00
301,29.00,28.00
302,30.00,29.00
303,29.00,30.00
304,31.00,30.00
305,32.00,30.00
306,29.00,31.00
307,13.00,30.00
308,34.00,29.00
309,34.00,29.00
310,33.00,30.00
311,29.00,29.00
312,21.00,26.00
313,23.00,25.00
314,21.00,26.00
315,28.00,26.00
316,28.00,29.00
317,30.30,32.00
318,29.00,29.00
319,28.00,30.00
320,28.00,30.00
321,27.00,30.00
322,29.00,30.00
323,19.00,31.00
324,11.00,30.00
325,12.00,11.00
326,15.00,11.00
327,11.00,0.00
328,18.00,14.00
329,22.00,20.00
330,22.00,21.00
331,22.00,22.00
332,24.00,24.00
333,25.00,24.75
334,25.00,24.00
335,23.00,26.00
336,28.00,23.00
337,25.00,26.00
338,27.35,24.00
339,28.00,25.00
340,27.00,28.00
341,26.00,29.00
342,27.00,28.00
343,28.00,28.00
344,25.00,27.00
345,24.00,28.00
346,28.00,28.00
347,31.00,27.00
348,31.00,27.00
349,29.00,26.00
350,30.00,27.00
351,30.40,28.00
352,29.00,28.00
353,31.00,29.00
354,31.00,27.00
355,31.00,28.00
356,31.00,29.00
357,28.40,27.00
358,29.00,28.00
359,30.00,28.00
360,29.00,29.00
361,30.00,28.00
362,29.00,27.00
363,31.00,28.00
364,30.00,28.00
365,20.00,29.00
366,20.00,29.00
367,13.00,28.00
368,30.00,28.00
369,12.00,28.00
370,18.00,29.00
371,13.00,27.00
372,12.00,27.00
373,30.25,28.00
374,19.00,27.00
375,31.00,28.00
376,27.00,29.00
377,29.00,28.00
378,30.00,28.00
379,30.00,28.00
380,29.00,28.00
381,30.00,28.00
382,12.00,29.75
383,29.00,28.00
384,27.00,30.00
385,26.00,29.00
386,24.00,30.00
387,26.00,30.00
388,27.00,29.00
389,27.00,29.00
390,29.00,29.00
391,27.70,29.00
392,29.20,30.00
393,28.00,28.00
394,29.00,28.30
395,28.00,28.00
396,28.00,28.00
397,12.00,29.00
398,30.00,29.00
399,28.00,28.00
400,30.00,28.00
401,18.00,28.00
402,29.00,28.00
403,26.00,27.00
404,29.00,28.00
405,31.00,28.00
406,27.00,27.00
407,13.00,28.00
408,29.00,27.00
409,30.95,29.00
410,30.00,28.00
411,31.00,28.35
412,30.00,28.00
413,30.00,27.00
414,26.00,27.00
415,27.00,30.00
416,13.00,29.00
417,25.00,29.00
418,27.00,27.00
419,27.00,30.00
420,28.00,29.00
421,30.00,29.00
422,26.00,31.00
423,27.00,29.00
424,25.00,29.00
425,30.00,28.00
426,17.00,19.00
427,17.00,11.00
428,9.00,11.20
429,16.00,14.00
430,19.00,19.00
431,22.00,22.00
432,22.00,22.00
433,21.00,24.00
434,24.00,22.00
435,26.00,24.00
436,27.00,24.55
437,26.00,23.00
438,26.00,22.00
439,24.00,25.00
440,27.00,25.00
441,28.00,26.00
442,27.00,23.00
443,28.00,23.00
444,27.00,26.70
445,26.00,26.95
446,29.00,24.00
447,25.00,24.00
448,25.70,26.00
449,26.00,29.00
450,25.00,27.00
451,26.00,28.00
452,25.00,20.00
453,24.00,28.00
454,24.00,27.00
455,26.00,28.00
456,27.00,27.00
457,24.00,28.00
458,26.00,30.00
459,26.15,27.00
460,25.00,27.00
461,28.00,21.00
462,29.00,27.00
463,27.00,26.20
464,13.00,26.00
465,27.00,25.00
466,28.00,27.00
467,27.00,27.00
468,26.00,26.00
469,26.00,26.00
470,26.00,27.00
471,29.00,28.00
472,29.00,29.00
473,12.00,24.00
474,28.00,28.00
475,18.00,27.00
476,27.00,28.00
477,28.00,29.00
478,29.00,26.15
479,28.00,27.00
480,25.00,25.00
481,30.00,22.00
482,26.00,27.85
483,29.00,27.00
484,28.00,27.00
485,29.00,27.00
486,27.00,26.00
487,28.00,26.00
488,28.00,26.00
489,26.00,27.00
490,28.00,25.00
491,28.00,28.00
492,20.00,30.00
493,29.00,29.00
494,29.70,27.00
495,25.00,29.00
496,24.70,28.00
497,28.00,27.00
498,24.00,26.00
499,27.00,29.00
500,28.00,28.00
501,27.00,28.00
502,26.00,27.00
503,25.00,26.00
504,27.00,26.00
505,12.00,26.00
506,26.00,29.00
507,27.00,28.00
508,25.00,27.00
509,25.00,28.00
510,23.00,27.00
511,24.00,26.00
512,25.00,25.00
513,23.00,27.00
514,24.00,27.00
515,15.00,27.95
516,27.00,26.00
517,16.00,24.00
518,30.00,27.00
519,26.00,23.55
520,29.00,27.00
521,25.70,26.00
522,29.00,28.00
523,27.20,27.00
524,28.00,27.00
525,26.00,25.00
526,25.00,27.00
527,25.00,26.00
528,27.00,27.00
529,29.00,30.00
530,26.00,27.00
531,29.00,31.00
532,26.00,19.00
533,28.00,28.00
534,28.00,29.00
535,19.00,28.00
536,25.90,28.00
537,30.00,28.00
538,30.00,28.00
539,30.00,30.00
540,24.00,31.00
541,29.00,30.00
542,29.00,31.00
543,25.60,28.00
544,18.00,30.00
545,28.00,29.00
546,25.00,30.00
547,19.00,33.00
548,16.00,28.00
549,13.00,16.10
550,12.50,11.00
551,14.00,13.00
552,16.35,20.00
553,18.30,20.00
554,21.00,23.00
555,22.00,26.00
556,22.00,26.00
557,21.00,24.00
558,24.00,22.00
559,25.00,30.00
560,23.00,24.00
561,19.00,26.00
562,27.00,20.00
563,26.00,26.00
564,25.00,27.00
565,15.00,27.00
566,24.00,28.00
567,29.00,24.00
568,28.00,26.00
569,27.00,26.00
570,25.00,27.00
571,23.95,28.00
572,23.05,26.00
573,28.00,30.00
574,13.00,30.00
575,12.00,25.00
576,19.00,28.00
577,30.00,26.70
578,26.00,25.00
579,18.00,29.00
580,27.00,29.00
581,26.00,30.00
582,12.00,29.00
583,28.00,31.00
584,26.00,28.00
585,26.00,27.00
586,12.00,28.00
587,12.00,28.00
588,25.35,28.00
589,24.15,32.00
590,14.00,29.20
591,15.00,27.95
592,24.05,27.00
593,24.75,29.00
594,25.00,27.00
595,24.00,28.00
596,24.00,28.00
597,28.00,27.00
598,24.00,31.00
599,25.45,27.00
600,26.00,28.00
601,27.00,31.00
602,25.85,26.00
603,28.00,26.10
604,23.00,29.00
605,25.00,30.00
606,23.00,28.00
607,14.90,28.00
608,13.00,29.00
609,19.00,26.00
610,12.00,25.00
611,11.00,28.00
612,28.00,26.00
613,25.00,30.00
614,27.00,27.00
615,15.00,31.50
616,27.00,29.00
617,12.00,30.00
618,26.00,29.00
619,28.00,31.00
620,28.00,31.00
621,26.00,31.00
622,26.00,26.00
623,25.00,25.00
624,26.00,30.25
625,25.00,29.00
626,28.00,27.00
627,27.00,26.00
628,27.00,27.00
629,26.00,27.00
630,28.00,29.00
631,29.00,30.00
632,24.85,28.00
633,26.00,21.00
634,30.00,29.00
635,30.00,29.00
636,29.00,30.00
637,26.00,29.00
638,28.00,30.00
639,29.00,29.00
640,29.00,31.00
641,27.00,26.00
642,25.00,24.00
643,24.00,22.15
644,11.20,24.00
645,12.00,30.00
646,31.00,23.00
647,33.00,24.55
648,22.40,31.00
649,20.00,25.00
650,20.00,27.00
651,29.00,27.00
652,11.00,27.00
653,11.00,31.00
654,28.00,30.00
655,25.00,28.00
656,26.00,26.00
657,24.00,26.00
658,29.00,30.00
659,26.00,31.00
660,28.00,32.00
661,27.00,32.00
662,30.00,30.00
663,29.00,28.00
664,28.00,30.00
665,27.00,30.00
666,15.00,30.00
667,27.00,34.00
668,27.00,28.00
669,24.00,30.00
670,26.00,30.00
671,26.65,33.00
672,26.00,31.00
673,18.00,31.00
674,28.00,31.00
675,12.00,29.00
676,28.00,29.00
677,18.00,31.00
678,12.00,31.00
679,26.00,32.00
680,13.00,28.00
681,27.00,29.00
682,27.00,30.00
683,12.00,31.00
684,12.00,28.00
685,12.00,31.00
686,11.00,29.00
687,26.00,29.00
688,23.00,33.00
689,13.00,31.00
690,20.00,34.00
691,12.45,34.00
692,13.00,29.00
693,12.00,31.00
694,29.00,31.85
695,13.00,29.00
696,11.00,32.00
697,10.00,9.50
698,10.30,11.00
699,11.00,8.00
700,19.00,16.00
701,19.00,19.00
702,21.00,21.00
703,21.00,23.00
704,24.00,22.00
705,24.00,22.00
706,26.00,24.00
707,27.00,24.20
708,27.00,26.00
709,26.00,26.00
710,25.00,25.00
711,25.00,26.00
712,27.00,23.30
713,25.00,23.00
714,24.00,23.00
715,25.00,24.00
716,24.00,27.00
717,25.00,24.00
718,27.00,23.00
719,20.00,25.00
720,28.00,28.00
721,26.00,28.00
722,19.00,27.00
723,19.00,25.00
724,16.00,26.00
725,27.00,26.00
726,28.00,26.00
727,27.00,27.00
728,28.00,25.00
729,27.00,28.00
730,26.00,29.00
731,29.00,25.00
732,28.00,25.00
733,25.15,25.00
734,28.00,25.00
735,26.00,28.00
736,27.00,28.00
737,25.00,24.00
738,26.85,27.00
739,25.00,24.00
740,29.00,29.00
741,24.00,30.00
742,24.00,26.00
743,26.00,29.00
744,29.00,26.00
745,25.00,29.00
746,24.00,28.00
747,12.00,30.00
748,28.00,29.00
749,29.00,29.00
750,23.00,29.00
751,18.00,28.00
752,11.00,27.00
753,26.00,26.00
754,28.00,31.00
755,26.00,27.00
756,28.35,29.00
757,28.00,27.00
758,28.75,28.80
759,27.00,26.00
760,27.00,28.15
761,26.00,28.00
762,26.00,27.00
763,16.00,27.00
764,11.00,26.00
765,11.30,26.00
766,25.00,27.00
767,24.00,27.00
768,12.00,28.00
769,26.00,29.00
770,29.00,29.00
771,27.00,28.00
772,29.00,28.00
773,24.00,21.00
774,26.00,25.00
775,28.00,22.00
776,11.00,21.00
777,26.00,27.00
778,26.00,28.00
779,25.00,28.00
780,18.00,28.00
781,28.00,26.00
782,26.00,26.00
783,25.00,24.00
784,23.00,25.00
785,18.00,29.00
786,26.00,29.00
787,14.00,28.00
788,28.00,27.00
789,29.00,19.00
790,23.00,19.00
791,28.00,23.00
792,14.25,29.00
793,17.00,29.00
794,26.00,20.00
795,27.00,27.00
796,26.00,20.00
797,21.00,26.00
798,26.90,27.00
799,26.75,28.00
800,28.00,27.00
801,25.00,26.00
802,26.00,32.00
803,26.00,29.00
804,28.00,28.00
805,25.00,26.00
806,27.00,28.00
807,27.00,29.00
808,26.00,29.00
809,26.00,30.00
810,25.00,29.00
811,27.00,29.00
812,25.00,28.00
813,27.00,29.00
814,13.00,28.00
815,28.00,29.00
816,26.00,29.00
817,26.00,29.00
818,27.20,29.00
819,26.00,29.00
820,28.00,28.00
821,25.00,26.00
822,27.00,29.00
823,29.00,27.00
824,29.00,30.00
825,29.00,30.00
826,22.00,26.00
827,28.00,31.00
828,23.00,29.00
829,26.00,29.00
830,25.00,28.00
831,26.00,28.00
832,19.00,29.00
833,29.00,29.00
834,30.00,28.00
835,29.00,30.00
836,30.95,29.00
837,27.00,30.00
838,28.00,31.00
839,26.00,28.00
840,25.00,31.00
841,31.00,28.00
842,29.90,25.00
843,29.00,30.00
844,30.00,31.00
845,27.00,29.00
846,28.00,29.00
847,28.00,29.00
848,26.00,27.00
849,29.00,31.00
850,28.00,28.00
851,11.00,12.00
852,10.00,11.00
853,11.00,8.00
854,13.00,13.00
855,16.00,19.00
856,20.00,21.00
857,20.00,22.00
858,21.00,19.00
859,21.00,21.00
860,23.00,20.00
861,23.00,23.00
862,24.00,24.00
863,22.00,22.90
864,24.00,24.00
865,24.00,22.00
866,24.00,23.00
867,23.00,22.00
868,24.00,23.00
869,24.00,24.00
870,23.00,24.00
871,20.00,26.00
872,23.00,26.00
873,23.00,27.00
874,22.00,26.75
875,23.20,23.00
876,24.00,23.00
877,26.00,24.00
878,25.00,26.00
879,27.45,25.00
880,26.00,26.00
881,24.00,26.00
882,26.00,26.00
883,23.00,27.00
884,24.00,26.00
885,24.00,29.00
886,23.00,26.00
887,24.00,30.00
888,24.00,27.00
889,25.00,28.00
890,23.00,28.00
891,25.00,26.00
892,26.00,22.00
893,28.00,28.00
894,24.00,26.00
895,26.00,26.00
896,26.00,27.00
897,29.00,26.00
898,22.75,26.00
899,27.00,26.00
900,28.00,26.00
901,28.00,22.30
902,28.00,27.00
903,26.00,25.80
904,28.00,20.00
905,28.00,27.00
906,26.00,25.00
907,27.00,27.00
908,26.00,24.00
909,26.00,26.00
910,27.00,28.00
911,25.00,25.00
912,27.00,24.00
913,26.75,20.60
914,30.00,26.00
915,30.00,26.00
916,28.00,28.00
917,26.00,24.00
918,29.00,26.00
919,24.00,26.00
920,24.00,23.00
921,23.00,26.00
922,21.95,23.00
923,27.00,27.00
924,11.70,27.00
925,28.00,29.00
926,28.00,27.00
927,27.00,28.00
928,25.00,28.00
929,27.00,26.00
930,25.00,28.00
931,27.00,26.00
932,26.00,26.00
933,26.00,27.00
934,27.00,27.00
935,26.00,26.00
936,26.20,25.90
937,25.00,28.00
938,25.00,29.00
939,25.00,27.00
940,25.00,28.00
941,28.00,25.00
942,17.00,27.00
943,27.00,26.00
944,27.00,22.00
945,25.00,27.00
946,28.45,28.00
947,19.00,25.00
948,14.00,27.00
949,24.00,28.00
950,26.50,30.00
951,27.00,28.00
952,28.00,27.00
953,26.00,26.00
954,26.00,27.00
955,26.00,26.00
956,28.00,28.00
957,26.00,29.00
958,28.00,26.00
959,27.00,27.00
960,24.00,27.00
961,25.00,30.00
962,25.00,28.00
963,27.30,28.00
964,25.00,29.00
965,26.00,27.00
966,25.00,27.00
967,27.00,28.00
968,25.00,25.00
969,25.00,25.00
970,24.00,28.00
971,26.00,28.00
972,25.00,27.00
973,27.00,30.00
974,27.00,30.00
975,27.00,27.00
976,26.00,28.00
977,26.00,28.00
978,25.00,27.00
979,27.00,28.00
980,24.00,27.00
981,27.00,26.00
982,27.00,28.00
983,26.00,31.00
984,26.00,27.00
985,26.00,27.00
986,26.00,27.00
987,26.00,29.00
988,27.00,31.00
989,25.00,28.00
990,26.00,27.00
991,27.00,28.00
992,29.50,25.00
993,29.00,27.00
994,26.00,26.00
995,29.00,27.00
996,30.00,29.00
997,29.95,28.00
998,29.00,26.00
999,12.00,26.00
1000,29.15,30.10
1001,29.00,29.00
1002,27.00,28.00
1003,26.00,27.00
1004,26.00,28.00
1005,26.00,27.00
1006,21.00,25.00
1007,11.00,9.00
1008,11.00,12.00
1009,11.00,9.00
1010,16.95,17.00
1011,20.00,20.00
1012,22.00,22.00
1013,23.55,23.00
1014,22.00,19.00
1015,24.00,23.00
1016,24.00,21.00
1017,24.00,23.00
1018,24.00,24.00
1019,26.00,23.00
1020,25.00,22.00
1021,25.00,23.10
1022,26.00,24.00
1023,24.00,24.00
1024,25.00,23.00
1025,20.00,24.00
1026,24.00,24.00
1027,27.70,24.00
1028,28.00,25.00
1029,29.00,25.00
1030,26.00,24.00
1031,27.35,25.00
1032,24.00,25.00
1033,26.00,25.00
1034,27.00,27.00
1035,26.00,25.00
1036,24.00,22.00
1037,26.00,24.00
1038,27.00,24.30
1039,28.00,26.00
1040,27.00,24.00
1041,28.00,27.00
1042,25.55,26.00
1043,23.95,25.00
1044,26.00,26.00
1045,25.00,26.00
1046,12.00,27.00
1047,26.00,26.00
1048,24.00,27.00
1049,26.00,26.45
1050,23.00,24.00
1051,27.00,24.00
1052,27.00,26.00
1053,28.00,27.00
1054,18.00,26.00
1055,19.00,27.00
1056,27.80,28.00
1057,28.00,27.00
1058,27.00,27.00
1059,27.00,25.00
1060,29.00,26.00
1061,28.00,27.00
1062,25.00,26.30
1063,26.00,28.00
1064,18.00,27.00
1065,28.00,24.00
1066,28.00,24.00
1067,28.00,25.00
1068,27.00,28.00
1069,28.00,29.00
1070,27.20,28.00
1071,28.10,28.25
1072,28.00,26.00
1073,29.00,29.00
1074,27.00,27.00
1075,27.25,28.00
1076,28.00,28.00
1077,25.00,26.00
1078,27.00,28.00
1079,28.00,28.00
1080,25.00,30.00
1081,27.00,27.00
1082,27.70,30.00
1083,26.00,25.00
1084,25.00,25.00
1085,28.00,28.00
1086,27.00,27.00
1087,24.00,28.00
1088,25.00,25.00
1089,27.00,25.00
1090,27.00,29.00
1091,29.00,28.00
1092,28.00,26.00
1093,28.00,25.00
1094,27.00,25.00
1095,28.00,26.00
1096,27.00,27.00
1097,27.00,25.00
1098,28.00,26.00
1099,28.00,26.00
1100,28.00,27.00
1101,26.00,26.00
1102,26.90,28.00
1103,26.00,26.00
1104,26.00,19.00
1105,26.00,20.00
1106,26.00,28.00
1107,29.00,19.20
1108,27.00,26.00
1109,26.00,24.00
1110,26.65,23.00
1111,26.00,25.00
1112,28.00,25.00
1113,25.00,20.00
1114,28.00,22.00
1115,28.00,21.00
1116,19.00,25.00
1117,26.00,28.00
1118,26.00,23.00
1119,24.00,21.70
1120,28.00,27.15
1121,27.35,28.80
1122,25.00,27.00
1123,22.00,25.00
1124,27.00,23.00
1125,25.00,27.00
1126,26.00,26.00
1127,25.00,27.00
1128,27.45,26.00
1129,29.00,27.00
1130,25.00,28.00
1131,28.00,26.00
1132,24.00,21.00
1133,26.00,21.00
1134,25.00,26.00
1135,28.00,24.00
1136,23.35,24.00
1137,26.05,25.00
1138,25.00,20.00
1139,23.00,25.00
1140,14.35,21.00
1141,29.00,28.00
1142,26.00,27.00
1143,25.20,26.00
1144,26.00,30.00
1145,25.00,30.00
1146,23.00,29.00
1147,24.00,30.00
1148,24.00,30.70
1149,24.00,22.00
1150,22.00,26.00
1151,23.00,29.00
1152,16.00,30.00
1153,13.00,32.00
1154,24.00,30.00
1155,27.00,28.00
1156,25.00,29.95
1157,27.00,28.00
1158,22.00,29.00
1159,23.65,31.00
1160,24.00,32.00
1161,25.00,27.00
1162,25.00,27.00
1163,25.00,29.00
1164,26.00,29.00
1165,27.00,29.00
1166,26.70,29.00
1167,17.00,28.00
1168,18.00,28.00
1169,29.00,19.00
1170,28.55,29.00
1171,26.00,28.00
1172,25.00,28.20
1173,25.00,27.00
1174,26.00,28.00
1175,28.00,28.00
1176,27.00,26.00
1177,29.00,25.00
1178,29.05,26.00
1179,28.00,26.00
1180,26.00,29.00
1181,27.00,26.55
1182,26.00,27.00
1183,26.00,29.00
1184,27.00,26.00
1185,26.00,29.00
1186,27.00,29.00
1187,28.00,26.00
1188,25.00,29.00
1189,26.00,24.00
1190,27.70,27.00
1191,17.00,27.00
1192,25.00,27.00
1193,25.00,26.00
1194,26.90,29.00
1195,11.00,26.00
1196,25.60,25.00
1197,25.75,26.00
1198,12.00,26.00
1199,20.05,17.00
1200,16.00,11.00
1201,13.00,11.00
1202,12.00,10.00
1203,20.00,17.00
1204,20.00,20.00
1205,21.00,21.00
1206,24.00,22.00
1207,24.00,24.00
1208,26.00,24.00
1209,27.00,24.00
1210,27.00,23.00
1211,25.00,23.00
1212,25.00,23.00
1213,26.00,24.00
1214,25.00,25.00
1215,26.55,24.00
1216,26.00,26.00
1217,27.00,25.00
1218,28.00,24.00
1219,24.00,23.00
1220,26.00,21.15
1221,26.00,19.90
1222,27.00,27.00
1223,23.00,25.00
1224,18.00,28.00
1225,25.00,25.00
1226,27.00,26.25
1227,25.70,26.00
1228,24.00,24.00
1229,24.00,25.00
1230,12.00,25.00
1231,27.00,26.00
1232,28.15,26.00
1233,16.00,24.00
1234,27.00,26.00
1235,26.00,25.00
1236,25.00,28.00
1237,16.00,28.00
1238,17.00,23.95
1239,25.00,29.00
1240,19.00,26.00
1241,28.00,26.65
1242,28.00,27.00
1243,27.00,28.00
1244,27.00,25.00
1245,28.00,29.00
1246,26.00,24.00
1247,26.00,24.00
1248,26.00,25.00
1249,27.00,28.00
1250,18.00,25.00
1251,26.15,26.00
1252,26.00,27.00
1253,24.00,27.00
1254,25.00,26.00
1255,28.00,25.00
1256,26.00,25.00
1257,27.55,25.65
1258,25.00,25.00
1259,27.00,25.00
1260,24.00,25.00
1261,28.00,26.00
1262,27.00,28.00
1263,28.00,28.00
1264,26.00,26.00
1265,25.00,27.00
1266,29.00,27.00
1267,19.00,26.00
1268,26.00,23.95
1269,27.00,24.00
1270,19.00,29.00
1271,27.00,27.00
1272,26.40,27.00
1273,28.20,27.00
1274,28.00,25.00
1275,25.00,28.05
1276,19.00,29.00
1277,26.00,29.00
1278,10.00,29.00
1279,17.00,29.00
1280,29.00,28.00
1281,29.00,32.00
1282,27.00,27.00
1283,28.00,29.00
1284,27.00,19.00
1285,18.00,27.00
1286,18.00,25.00
1287,28.00,27.50
1288,20.00,26.00
1289,17.80,29.00
1290,25.00,28.00
1291,26.00,28.00
1292,29.00,27.00
1293,18.00,28.00
1294,28.00,29.00
1295,28.00,29.00
1296,26.45,28.00
1297,27.00,24.00
1298,26.00,28.00
1299,27.25,28.00
1300,26.00,29.00
1301,29.00,28.05
1302,29.00,28.00
1303,29.00,28.00
1304,30.00,26.00
1305,28.00,26.35
1306,29.00,27.00
1307,28.00,27.00
1308,29.00,27.00
1309,27.00,25.00
1310,26.00,26.00
1311,26.00,27.60
1312,27.00,29.00
1313,25.00,28.00
1314,25.00,27.00
1315,27.00,27.00
1316,27.00,28.00
1317,27.00,27.00
1318,27.00,28.00
1319,29.15,28.00
1320,11.00,27.00
1321,24.00,26.00
1322,26.00,28.00
1323,27.00,28.00
1324,27.00,27.00
1325,28.00,27.00
1326,27.05,27.00
1327,27.00,29.00
1328,28.00,28.00
1329,29.00,24.00
1330,25.00,26.00
1331,25.00,28.00
1332,28.00,29.00
1333,28.00,31.00
1334,27.00,27.00
1335,25.80,28.00
1336,26.85,28.00
1337,26.00,28.00
1338,29.00,27.00
1339,28.00,29.00
1340,27.00,28.00
1341,26.00,28.00
1342,11.00,13.00
1343,15.00,13.00
1344,13.00,11.00
1345,17.00,18.00
1346,19.00,20.00
1347,19.00,22.00
1348,21.00,23.00
1349,21.00,22.00
1350,22.00,22.00
1351,22.00,23.00
1352,21.00,23.00
1353,23.00,24.00
1354,24.00,24.00
1355,23.00,24.00
1356,23.00,25.00
1357,25.00,24.00
1358,25.00,22.00
1359,24.00,24.00
1360,25.00,24.00
1361,24.00,25.00
1362,26.00,25.00
1363,27.00,25.00
1364,27.00,24.00
1365,24.00,25.00
1366,26.00,26.00
1367,27.75,26.80
1368,25.00,27.00
1369,27.30,26.00
1370,27.00,29.00
1371,26.00,30.00
1372,28.00,27.00
1373,16.00,26.00
1374,25.00,26.00
1375,18.00,26.00
1376,18.00,26.00
1377,24.00,26.00
1378,16.00,27.00
1379,17.00,28.00
1380,27.00,26.00
1381,24.85,24.00
1382,26.00,26.00
1383,25.00,27.00
1384,14.00,27.00
1385,17.00,26.00
1386,14.00,27.00
1387,27.00,28.00
1388,18.00,29.00
1389,27.45,28.00
1390,28.00,28.00
1391,24.00,26.00
1392,23.00,29.00
1393,25.00,26.00
1394,26.30,27.00
1395,26.00,26.00
1396,28.50,25.00
1397,25.00,28.00
1398,27.00,28.00
1399,26.95,28.00
1400,19.00,28.00
1401,25.00,30.25
1402,27.15,27.00
1403,25.00,28.00
1404,28.00,29.00
1405,25.00,26.00
1406,26.85,24.00
1407,25.00,25.00
1408,28.00,27.00
1409,17.00,27.55
1410,26.00,26.00
1411,27.00,27.00
1412,27.00,27.00
1413,19.00,27.00
1414,20.00,28.00
1415,19.00,27.00
1416,26.00,19.00
1417,17.00,23.00
1418,19.00,28.15
1419,29.00,29.00
1420,28.00,28.00
1421,26.60,19.00
1422,25.60,19.00
1423,25.00,18.00
1424,25.00,18.00
1425,28.00,26.00
1426,26.00,20.00
1427,25.00,24.00
1428,18.00,27.00
1429,28.00,27.00
1430,26.00,27.00
1431,25.00,27.95
1432,28.00,26.00
1433,27.00,27.00
1434,27.70,25.00
1435,28.00,25.45
1436,28.00,26.00
1437,25.00,28.00
1438,29.00,25.55
1439,28.80,26.00
1440,26.00,27.00
1441,29.55,27.10
1442,30.00,26.00
1443,29.00,26.00
1444,28.00,25.00
1445,25.00,26.00
1446,26.00,27.00
1447,25.00,28.00
1448,25.00,26.00
1449,27.00,28.00
1450,26.00,27.00
1451,20.00,29.00
1452,28.00,28.00
1453,28.00,29.00
1454,19.00,27.00
1455,20.00,25.00
1456,31.00,26.00
1457,17.00,25.00
1458,30.00,25.00
1459,28.00,29.00
1460,19.00,28.00
1461,25.00,25.00
1462,28.00,27.00
1463,26.00,26.00
1464,24.00,27.00
1465,27.00,26.00
1466,27.00,26.00
1467,28.00,26.00
1468,29.00,27.00
1469,24.25,24.00
1470,14.00,26.00
1471,25.00,25.00
1472,24.00,26.00
1473,25.00,26.00
1474,24.00,27.00
1475,24.00,20.60
1476,25.00,23.00
1477,19.00,22.00
1478,28.00,26.00
1479,27.15,25.00
1480,19.00,27.00
1481,30.00,27.25
1482,28.00,26.00
1483,28.00,27.00
1484,22.00,28.00
1485,14.00,26.00
1486,28.00,26.00
1487,29.00,25.00
1488,28.00,28.00
1489,24.00,28.00
1490,23.00,24.00
1491,28.00,28.00
1492,29.00,27.00
1493,20.00,26.00
1494,12.00,13.00
1495,15.00,11.85
1496,13.00,13.00
1497,19.00,18.00
1498,17.80,21.00
1499,21.00,23.00
1500,22.00,24.00
1501,24.00,27.00
1502,25.00,28.00
1503,25.00,26.00
1504,24.00,26.00
1505,25.00,27.00
1506,23.00,26.00
1507,25.00,26.00
1508,23.00,26.00
1509,22.00,28.00
1510,24.00,26.00
1511,26.00,20.30
1512,28.00,28.00
1513,26.00,20.00
1514,26.00,20.00
1515,26.00,28.00
1516,26.00,26.00
1517,26.00,28.25
1518,26.00,28.00
1519,27.00,26.00
1520,28.00,23.10
1521,26.00,25.00
1522,17.00,22.00
1523,15.00,23.00
1524,24.00,26.00
1525,17.00,29.00
1526,26.00,28.00
1527,17.00,29.00
1528,16.00,25.00
1529,26.00,25.00
1530,26.00,26.00
1531,22.00,28.25
1532,26.00,20.00
1533,27.00,23.00
1534,26.00,20.00
1535,23.00,25.00
1536,14.00,25.00
1537,25.00,26.00
1538,23.00,26.00
1539,25.00,27.00
1540,19.00,26.00
1541,18.00,26.15
1542,25.60,27.00
1543,25.00,27.00
1544,18.00,29.00
1545,16.00,26.00
1546,15.00,24.00
1547,16.00,23.00
1548,26.00,20.00
1549,26.00,24.00
1550,24.00,23.00
1551,18.00,23.00
1552,11.00,20.00
1553,11.00,24.00
1554,11.50,24.00
1555,11.15,23.00
1556,25.00,24.00
1557,29.00,28.80
1558,30.00,29.00
1559,29.00,31.00
1560,19.00,28.00
1561,29.00,20.00
1562,30.00,23.00
1563,29.00,25.00
1564,29.00,24.00
1565,29.00,22.00
1566,29.05,20.00
1567,12.00,26.00
1568,28.00,29.00
1569,26.00,20.00
1570,28.00,27.00
1571,29.00,22.00
1572,29.00,29.00
1573,25.00,29.00
1574,12.00,25.00
1575,26.00,26.00
1576,25.00,27.00
1577,26.00,27.00
1578,28.00,20.00
1579,28.00,26.00
1580,11.90,31.00
1581,26.00,25.00
1582,22.00,27.00
1583,23.85,27.00
1584,15.00,27.00
1585,11.00,19.25
1586,16.00,22.00
1587,28.00,28.00
1588,26.00,27.00
1589,23.00,26.00
1590,11.00,27.00
1591,23.50,27.00
1592,26.00,27.00
1593,28.00,26.00
1594,24.00,26.00
1595,30.00,23.95
1596,12.00,26.00
1597,28.00,28.00
1598,26.00,28.00
1599,28.00,32.00
1600,12.35,28.00
1601,29.00,30.00
1602,13.00,30.00
1603,25.00,27.00
1604,28.00,27.35
1605,23.00,27.00
1606,26.00,26.40
1607,12.20,28.00
1608,25.00,28.00
1609,26.00,28.00
1610,26.00,30.00
1611,28.00,27.00
1612,27.00,21.00
1613,25.00,28.00
1614,24.80,26.00
1615,25.05,26.00
1616,26.90,26.00
1617,26.10,25.00
1618,26.00,27.00
1619,25.75,25.00
1620,26.00,28.00
1621,26.00,27.00
1622,28.00,28.00
1623,19.00,25.00
1624,29.00,27.30
1625,19.00,27.00
1626,19.00,28.00
1627,29.00,26.00
1628,27.00,27.00
1629,26.00,27.00
1630,24.00,28.00
1631,25.00,26.00
1632,27.00,25.00
1633,26.00,26.00
1634,25.00,26.00
1635,26.00,24.00
1636,28.00,25.00
1637,27.00,24.80
1638,24.00,28.00
1639,26.00,24.00
1640,24.00,25.00
1641,22.40,26.00
1642,25.00,26.00
1643,12.00,27.00
1644,11.00,26.00
1645,12.00,25.00
1646,23.00,27.00
1647,22.00,29.40
1648,22.00,30.00
1649,22.00,26.60
1650,24.00,25.00
1651,27.00,28.00
1652,11.00,27.00
1653,11.00,28.00
1654,16.00,28.00
1655,22.00,29.00
1656,27.00,27.00
1657,24.00,28.00
1658,27.80,29.00
1659,25.00,28.00
1660,26.00,28.00
1661,23.00,28.00
1662,23.00,27.00
1663,15.00,24.00
1664,15.00,14.60
1665,14.00,10.00
1666,13.00,15.00
1667,18.00,22.00
1668,14.00,21.00
1669,17.00,23.00
1670,21.00,23.00
1671,20.00,26.00
1672,19.15,26.00
1673,20.00,26.00
1674,20.00,24.00
1675,20.00,25.00
1676,23.80,27.00
1677,25.00,26.00
1678,22.00,27.00
1679,25.00,27.00
1680,23.00,26.00
1681,27.00,27.00
1682,24.00,27.00
1683,24.00,27.00
1684,28.45,27.15
1685,21.00,26.00
1686,23.00,26.25
1687,24.00,26.00
1688,25.00,26.00
1689,25.00,27.00
1690,22.00,25.00
1691,27.00,26.00
1692,24.00,29.00
1693,25.00,21.00
1694,25.00,25.00
1695,22.00,27.00
1696,27.00,25.00
1697,27.00,25.00
1698,16.00,26.70
1699,14.00,25.00
1700,27.00,25.00
1701,25.00,26.00
1702,28.00,19.00
1703,24.80,26.00
1704,14.90,26.00
1705,27.00,27.00
1706,26.00,20.00
1707,24.00,20.00
1708,24.00,26.00
1709,27.00,26.00
1710,24.00,29.00
1711,29.00,27.00
1712,27.75,28.00
1713,19.00,26.00
1714,12.00,27.00
1715,29.00,25.15
1716,14.90,27.00
1717,17.00,29.10
1718,24.90,29.00
1719,25.00,27.00
1720,15.50,26.00
1721,27.00,27.00
1722,24.00,27.00
1723,24.00,28.00
1724,25.00,29.00
1725,28.00,28.00
1726,27.00,29.00
1727,25.00,26.00
1728,25.00,29.00
1729,26.00,30.00
1730,25.00,30.00
1731,29.00,26.00
1732,28.00,27.00
1733,30.00,19.00
1734,28.00,29.00
1735,29.00,31.00
1736,25.00,30.00
1737,28.00,30.00
1738,26.00,29.90
1739,29.00,31.00
1740,25.00,24.00
1741,19.00,22.00
1742,15.60,31.00
1743,23.00,29.00
1744,19.00,28.00
1745,28.00,29.00
1746,23.00,28.55
1747,13.00,27.00
1748,27.00,29.00
1749,28.00,29.00
1750,18.00,27.00
1751,18.00,29.00
1752,25.00,27.00
1753,18.00,30.00
1754,15.00,30.00
1755,24.00,29.00
1756,25.00,28.00
1757,25.00,28.00
1758,18.00,24.00
1759,26.00,26.00
1760,21.00,27.00
1761,29.00,27.00
1762,29.00,29.00
1763,31.00,29.00
1764,27.00,29.00
1765,30.00,27.00
1766,23.25,29.00
1767,28.45,31.00
1768,29.00,32.00
1769,28.00,32.00
1770,26.00,30.00
1771,29.00,28.00
1772,29.00,31.00
1773,28.00,31.00
1774,26.00,31.00
1775,28.00,30.00
1776,19.00,29.00
1777,28.00,29.55
1778,14.00,25.00
1779,28.00,27.00
1780,29.00,27.00
1781,27.00,30.00
1782,29.00,27.00
1783,18.00,21.00
1784,27.00,26.00
1785,27.00,26.00
1786,28.00,28.00
1787,27.00,30.00
1788,30.00,20.00
1789,28.60,29.00
1790,26.00,26.00
1791,29.00,27.20
1792,29.00,26.00
1793,30.00,28.00
1794,29.00,28.00
1795,29.60,28.00
1796,27.00,27.00
1797,16.85,27.00
1798,18.00,28.00
1799,26.30,30.10
1800,27.00,29.00
1801,29.00,29.00
1802,26.05,28.00
1803,29.00,28.20
1804,27.00,28.00
1805,29.00,27.00
1806,28.00,28.00
1807,28.00,27.00
1808,28.00,29.00
1809,26.30,29.00
1810,27.00,29.00
1811,28.00,31.00
1812,28.00,31.00
1813,26.00,30.00
1814,26.00,30.00
1815,15.00,12.00
1816,15.00,13.00
1817,12.00,11.00
1818,19.00,18.00
1819,21.00,21.00
1820,21.00,23.00
1821,24.00,22.00
1822,24.00,25.00
1823,18.00,24.00
1824,22.00,24.00
1825,17.00,24.00
1826,23.00,24.00
1827,17.00,26.00
1828,25.25,26.00
1829,24.00,26.00
1830,24.60,26.00
1831,17.00,27.00
1832,18.00,26.00
1833,24.00,25.00
1834,16.00,27.00
