class,image,radius,retention,removed_fraction
brown_bread,48-scale_1_im_1_grey.png,1,0.9948346614837646,0.0051653385162353516
brown_bread,48-scale_1_im_1_grey.png,2,0.9825176000595093,0.012317061424255371
brown_bread,48-scale_1_im_1_grey.png,3,0.968662679195404,0.013854920864105225
brown_bread,48-scale_1_im_1_grey.png,4,0.9507967233657837,0.01786595582962036
brown_bread,48-scale_1_im_1_grey.png,5,0.9337860941886902,0.017010629177093506
brown_bread,48-scale_1_im_1_grey.png,6,0.9177113175392151,0.016074776649475098
brown_bread,48-scale_1_im_1_grey.png,7,0.8972538709640503,0.020457446575164795
brown_bread,48-scale_1_im_1_grey.png,8,0.8809067010879517,0.016347169876098633
brown_bread,48-scale_1_im_1_grey.png,9,0.8626795411109924,0.01822715997695923
brown_bread,48-scale_1_im_1_grey.png,10,0.8467721939086914,0.015907347202301025
brown_bread,48-scale_1_im_1_grey.png,11,0.8311169147491455,0.0156552791595459
brown_bread,48-scale_1_im_1_grey.png,12,0.817981481552124,0.013135433197021484
brown_bread,48-scale_1_im_1_grey.png,13,0.8077436685562134,0.010237812995910645
brown_bread,48-scale_1_im_1_grey.png,14,0.7919600009918213,0.01578366756439209
brown_bread,48-scale_1_im_1_grey.png,15,0.7812837362289429,0.010676264762878418
brown_bread,48-scale_1_im_1_grey.png,16,0.7641041874885559,0.017179548740386963
brown_bread,48-scale_1_im_1_grey.png,17,0.753289520740509,0.010814666748046875
brown_bread,48-scale_1_im_1_grey.png,18,0.7448344826698303,0.008455038070678711
brown_bread,48-scale_1_im_1_grey.png,19,0.7337384223937988,0.011096060276031494
brown_bread,48-scale_1_im_1_grey.png,20,0.7248544096946716,0.008884012699127197
brown_bread,48-scale_1_im_2_grey.png,1,0.9941016435623169,0.0058983564376831055
brown_bread,48-scale_1_im_2_grey.png,2,0.9795839786529541,0.014517664909362793
brown_bread,48-scale_1_im_2_grey.png,3,0.9640070796012878,0.01557689905166626
brown_bread,48-scale_1_im_2_grey.png,4,0.943975031375885,0.020032048225402832
brown_bread,48-scale_1_im_2_grey.png,5,0.9248679280281067,0.01910710334777832
brown_bread,48-scale_1_im_2_grey.png,6,0.9079912304878235,0.016876697540283203
brown_bread,48-scale_1_im_2_grey.png,7,0.8847774863243103,0.023213744163513184
brown_bread,48-scale_1_im_2_grey.png,8,0.868619441986084,0.01615804433822632
brown_bread,48-scale_1_im_2_grey.png,9,0.8518894910812378,0.01672995090484619
brown_bread,48-scale_1_im_2_grey.png,10,0.8349458575248718,0.016943633556365967
brown_bread,48-scale_1_im_2_grey.png,11,0.8195571899414062,0.015388667583465576
brown_bread,48-scale_1_im_2_grey.png,12,0.8047835826873779,0.01477360725402832
brown_bread,48-scale_1_im_2_grey.png,13,0.7922415733337402,0.012542009353637695
brown_bread,48-scale_1_im_2_grey.png,14,0.7797147631645203,0.01252681016921997
brown_bread,48-scale_1_im_2_grey.png,15,0.7660038471221924,0.01371091604232788
brown_bread,48-scale_1_im_2_grey.png,16,0.7521274089813232,0.01387643814086914
brown_bread,48-scale_1_im_2_grey.png,17,0.7405125498771667,0.011614859104156494
brown_bread,48-scale_1_im_2_grey.png,18,0.7293710708618164,0.011141479015350342
brown_bread,48-scale_1_im_2_grey.png,19,0.7177870273590088,0.011584043502807617
brown_bread,48-scale_1_im_2_grey.png,20,0.709728479385376,0.008058547973632812
brown_bread,48-scale_1_im_3_grey.png,1,0.9907537698745728,0.009246230125427246
brown_bread,48-scale_1_im_3_grey.png,2,0.9693831205368042,0.021370649337768555
brown_bread,48-scale_1_im_3_grey.png,3,0.944513201713562,0.024869918823242188
brown_bread,48-scale_1_im_3_grey.png,4,0.9113745093345642,0.0331386923789978
brown_bread,48-scale_1_im_3_grey.png,5,0.8801510334014893,0.03122347593307495
brown_bread,48-scale_1_im_3_grey.png,6,0.8509523868560791,0.029198646545410156
brown_bread,48-scale_1_im_3_grey.png,7,0.814171314239502,0.03678107261657715
brown_bread,48-scale_1_im_3_grey.png,8,0.7886646389961243,0.025506675243377686
brown_bread,48-scale_1_im_3_grey.png,9,0.7629022002220154,0.025762438774108887
brown_bread,48-scale_1_im_3_grey.png,10,0.7355861663818359,0.027316033840179443
brown_bread,48-scale_1_im_3_grey.png,11,0.7117065787315369,0.023879587650299072
brown_bread,48-scale_1_im_3_grey.png,12,0.6907506585121155,0.020955920219421387
brown_bread,48-scale_1_im_3_grey.png,13,0.6701182723045349,0.020632386207580566
brown_bread,48-scale_1_im_3_grey.png,14,0.6488530039787292,0.021265268325805664
brown_bread,48-scale_1_im_3_grey.png,15,0.6282973885536194,0.020555615425109863
brown_bread,48-scale_1_im_3_grey.png,16,0.6061283349990845,0.022169053554534912
brown_bread,48-scale_1_im_3_grey.png,17,0.588919997215271,0.017208337783813477
brown_bread,48-scale_1_im_3_grey.png,18,0.5747376680374146,0.014182329177856445
brown_bread,48-scale_1_im_3_grey.png,19,0.5648527145385742,0.009884953498840332
brown_bread,48-scale_1_im_3_grey.png,20,0.5570672154426575,0.007785499095916748
brown_bread,48-scale_1_im_4_grey.png,1,0.9768689274787903,0.023131072521209717
brown_bread,48-scale_1_im_4_grey.png,2,0.9414588809013367,0.03541004657745361
brown_bread,48-scale_1_im_4_grey.png,3,0.9109721183776855,0.030486762523651123
brown_bread,48-scale_1_im_4_grey.png,4,0.8774044513702393,0.03356766700744629
brown_bread,48-scale_1_im_4_grey.png,5,0.8436681032180786,0.033736348152160645
brown_bread,48-scale_1_im_4_grey.png,6,0.8201620578765869,0.0235060453414917
brown_bread,48-scale_1_im_4_grey.png,7,0.7882932424545288,0.031868815422058105
brown_bread,48-scale_1_im_4_grey.png,8,0.7638841271400452,0.024409115314483643
brown_bread,48-scale_1_im_4_grey.png,9,0.7404521703720093,0.02343195676803589
brown_bread,48-scale_1_im_4_grey.png,10,0.7147722840309143,0.02567988634109497
brown_bread,48-scale_1_im_4_grey.png,11,0.697778046131134,0.016994237899780273
brown_bread,48-scale_1_im_4_grey.png,12,0.6823646426200867,0.015413403511047363
brown_bread,48-scale_1_im_4_grey.png,13,0.6654772162437439,0.016887426376342773
brown_bread,48-scale_1_im_4_grey.png,14,0.649461567401886,0.01601564884185791
brown_bread,48-scale_1_im_4_grey.png,15,0.6333945989608765,0.01606696844100952
brown_bread,48-scale_1_im_4_grey.png,16,0.616898775100708,0.016495823860168457
brown_bread,48-scale_1_im_4_grey.png,17,0.6021079421043396,0.014790832996368408
brown_bread,48-scale_1_im_4_grey.png,18,0.5933493971824646,0.008758544921875
brown_bread,48-scale_1_im_4_grey.png,19,0.5796601176261902,0.013689279556274414
brown_bread,48-scale_1_im_4_grey.png,20,0.567215085029602,0.012445032596588135
brown_bread,48-scale_1_im_5_grey.png,1,0.9612805843353271,0.03871941566467285
brown_bread,48-scale_1_im_5_grey.png,2,0.8987913131713867,0.06248927116394043
brown_bread,48-scale_1_im_5_grey.png,3,0.8472708463668823,0.051520466804504395
brown_bread,48-scale_1_im_5_grey.png,4,0.7937290668487549,0.05354177951812744
brown_bread,48-scale_1_im_5_grey.png,5,0.7414379119873047,0.052291154861450195
brown_bread,48-scale_1_im_5_grey.png,6,0.7033611536026001,0.03807675838470459
brown_bread,48-scale_1_im_5_grey.png,7,0.6571055054664612,0.046255648136138916
brown_bread,48-scale_1_im_5_grey.png,8,0.6271284222602844,0.029977083206176758
brown_bread,48-scale_1_im_5_grey.png,9,0.594997227191925,0.032131195068359375
brown_bread,48-scale_1_im_5_grey.png,10,0.5688533186912537,0.026143908500671387
brown_bread,48-scale_1_im_5_grey.png,11,0.5432714223861694,0.02558189630508423
brown_bread,48-scale_1_im_5_grey.png,12,0.5171812176704407,0.02609020471572876
brown_bread,48-scale_1_im_5_grey.png,13,0.49849334359169006,0.01868787407875061
brown_bread,48-scale_1_im_5_grey.png,14,0.47916287183761597,0.019330471754074097
brown_bread,48-scale_1_im_5_grey.png,15,0.46200478076934814,0.017158091068267822
brown_bread,48-scale_1_im_5_grey.png,16,0.44618934392929077,0.015815436840057373
brown_bread,48-scale_1_im_5_grey.png,17,0.430075079202652,0.016114264726638794
brown_bread,48-scale_1_im_5_grey.png,18,0.4247415363788605,0.005333542823791504
brown_bread,48-scale_1_im_5_grey.png,19,0.41861242055892944,0.00612911581993103
brown_bread,48-scale_1_im_5_grey.png,20,0.41019922494888306,0.008413195610046387
brown_bread,48-scale_1_im_6_grey.png,1,0.9605105519294739,0.03948944807052612
brown_bread,48-scale_1_im_6_grey.png,2,0.8962633013725281,0.0642472505569458
brown_bread,48-scale_1_im_6_grey.png,3,0.8419193029403687,0.054343998432159424
brown_bread,48-scale_1_im_6_grey.png,4,0.7840746641159058,0.05784463882446289
brown_bread,48-scale_1_im_6_grey.png,5,0.7303229570388794,0.05375170707702637
brown_bread,48-scale_1_im_6_grey.png,6,0.688003659248352,0.042319297790527344
brown_bread,48-scale_1_im_6_grey.png,7,0.6377114653587341,0.05029219388961792
brown_bread,48-scale_1_im_6_grey.png,8,0.6067413091659546,0.03097015619277954
brown_bread,48-scale_1_im_6_grey.png,9,0.57209712266922,0.03464418649673462
brown_bread,48-scale_1_im_6_grey.png,10,0.5442917346954346,0.0278053879737854
brown_bread,48-scale_1_im_6_grey.png,11,0.5217608213424683,0.02253091335296631
brown_bread,48-scale_1_im_6_grey.png,12,0.49903982877731323,0.02272099256515503
brown_bread,48-scale_1_im_6_grey.png,13,0.47525811195373535,0.02378171682357788
brown_bread,48-scale_1_im_6_grey.png,14,0.4557908773422241,0.01946723461151123
brown_bread,48-scale_1_im_6_grey.png,15,0.4399861991405487,0.015804678201675415
brown_bread,48-scale_1_im_6_grey.png,16,0.4238126873970032,0.016173511743545532
brown_bread,48-scale_1_im_6_grey.png,17,0.40785497426986694,0.01595771312713623
brown_bread,48-scale_1_im_6_grey.png,18,0.3929697573184967,0.01488521695137024
brown_bread,48-scale_1_im_6_grey.png,19,0.38197171688079834,0.010998040437698364
brown_bread,48-scale_1_im_6_grey.png,20,0.3746757209300995,0.0072959959506988525
brown_bread,48-scale_1_im_7_grey.png,1,0.9954015612602234,0.004598438739776611
brown_bread,48-scale_1_im_7_grey.png,2,0.9844725728034973,0.010928988456726074
brown_bread,48-scale_1_im_7_grey.png,3,0.97206711769104,0.012405455112457275
brown_bread,48-scale_1_im_7_grey.png,4,0.9547418355941772,0.017325282096862793
brown_bread,48-scale_1_im_7_grey.png,5,0.9385485053062439,0.01619333028793335
brown_bread,48-scale_1_im_7_grey.png,6,0.9235482215881348,0.01500028371810913
brown_bread,48-scale_1_im_7_grey.png,7,0.9034535884857178,0.020094633102416992
brown_bread,48-scale_1_im_7_grey.png,8,0.8861560225486755,0.017297565937042236
brown_bread,48-scale_1_im_7_grey.png,9,0.8691127300262451,0.01704329252243042
brown_bread,48-scale_1_im_7_grey.png,10,0.8520565629005432,0.017056167125701904
brown_bread,48-scale_1_im_7_grey.png,11,0.8363560438156128,0.01570051908493042
brown_bread,48-scale_1_im_7_grey.png,12,0.8218942284584045,0.014461815357208252
brown_bread,48-scale_1_im_7_grey.png,13,0.8084098696708679,0.013484358787536621
brown_bread,48-scale_1_im_7_grey.png,14,0.7938019037246704,0.01460796594619751
brown_bread,48-scale_1_im_7_grey.png,15,0.7780486345291138,0.01575326919555664
brown_bread,48-scale_1_im_7_grey.png,16,0.7625641822814941,0.015484452247619629
brown_bread,48-scale_1_im_7_grey.png,17,0.7489999532699585,0.013564229011535645
brown_bread,48-scale_1_im_7_grey.png,18,0.7383432984352112,0.010656654834747314
brown_bread,48-scale_1_im_7_grey.png,19,0.7287188172340393,0.009624481201171875
brown_bread,48-scale_1_im_7_grey.png,20,0.7211235761642456,0.007595241069793701
brown_bread,48-scale_1_im_8_grey.png,1,0.9946672916412354,0.0053327083587646484
brown_bread,48-scale_1_im_8_grey.png,2,0.9830239415168762,0.01164335012435913
brown_bread,48-scale_1_im_8_grey.png,3,0.9704892039299011,0.012534737586975098
brown_bread,48-scale_1_im_8_grey.png,4,0.9543329477310181,0.016156256198883057
brown_bread,48-scale_1_im_8_grey.png,5,0.9383684396743774,0.015964508056640625
brown_bread,48-scale_1_im_8_grey.png,6,0.9244095087051392,0.013958930969238281
brown_bread,48-scale_1_im_8_grey.png,7,0.9068024754524231,0.017607033252716064
brown_bread,48-scale_1_im_8_grey.png,8,0.8942228555679321,0.012579619884490967
brown_bread,48-scale_1_im_8_grey.png,9,0.8798781633377075,0.01434469223022461
brown_bread,48-scale_1_im_8_grey.png,10,0.8662487268447876,0.013629436492919922
brown_bread,48-scale_1_im_8_grey.png,11,0.8539631366729736,0.012285590171813965
brown_bread,48-scale_1_im_8_grey.png,12,0.8383949995040894,0.015568137168884277
brown_bread,48-scale_1_im_8_grey.png,13,0.8267076015472412,0.011687397956848145
brown_bread,48-scale_1_im_8_grey.png,14,0.8163115978240967,0.010396003723144531
brown_bread,48-scale_1_im_8_grey.png,15,0.80535489320755,0.01095670461654663
brown_bread,48-scale_1_im_8_grey.png,16,0.7932903170585632,0.012064576148986816
brown_bread,48-scale_1_im_8_grey.png,17,0.7830425500869751,0.010247766971588135
brown_bread,48-scale_1_im_8_grey.png,18,0.7756945490837097,0.007348001003265381
brown_bread,48-scale_1_im_8_grey.png,19,0.7673259973526001,0.00836855173110962
brown_bread,48-scale_1_im_8_grey.png,20,0.7570578455924988,0.010268151760101318
brown_bread,48-scale_1_im_9_grey.png,1,0.9909947514533997,0.009005248546600342
brown_bread,48-scale_1_im_9_grey.png,2,0.9702157974243164,0.020778954029083252
brown_bread,48-scale_1_im_9_grey.png,3,0.9455264210700989,0.02468937635421753
brown_bread,48-scale_1_im_9_grey.png,4,0.9114872813224792,0.03403913974761963
brown_bread,48-scale_1_im_9_grey.png,5,0.8805394768714905,0.03094780445098877
brown_bread,48-scale_1_im_9_grey.png,6,0.8517086505889893,0.02883082628250122
brown_bread,48-scale_1_im_9_grey.png,7,0.8142595887184143,0.03744906187057495
brown_bread,48-scale_1_im_9_grey.png,8,0.7868258357048035,0.02743375301361084
brown_bread,48-scale_1_im_9_grey.png,9,0.758202314376831,0.028623521327972412
brown_bread,48-scale_1_im_9_grey.png,10,0.7302313446998596,0.027970969676971436
brown_bread,48-scale_1_im_9_grey.png,11,0.705665111541748,0.024566233158111572
brown_bread,48-scale_1_im_9_grey.png,12,0.6842836737632751,0.0213814377784729
brown_bread,48-scale_1_im_9_grey.png,13,0.663211464881897,0.021072208881378174
brown_bread,48-scale_1_im_9_grey.png,14,0.642777681350708,0.020433783531188965
brown_bread,48-scale_1_im_9_grey.png,15,0.6227535605430603,0.020024120807647705
brown_bread,48-scale_1_im_9_grey.png,16,0.599204421043396,0.023549139499664307
brown_bread,48-scale_1_im_9_grey.png,17,0.5805878639221191,0.018616557121276855
brown_bread,48-scale_1_im_9_grey.png,18,0.5679974555969238,0.012590408325195312
brown_bread,48-scale_1_im_9_grey.png,19,0.5537748336791992,0.01422262191772461
brown_bread,48-scale_1_im_9_grey.png,20,0.5398022532463074,0.013972580432891846
brown_bread,48-scale_2_im_1_grey.png,1,0.9809980392456055,0.01900196075439453
brown_bread,48-scale_2_im_1_grey.png,2,0.9502507448196411,0.030747294425964355
brown_bread,48-scale_2_im_1_grey.png,3,0.923820436000824,0.02643030881881714
brown_bread,48-scale_2_im_1_grey.png,4,0.8950677514076233,0.028752684593200684
brown_bread,48-scale_2_im_1_grey.png,5,0.8661964535713196,0.02887129783630371
brown_bread,48-scale_2_im_1_grey.png,6,0.8425418734550476,0.023654580116271973
brown_bread,48-scale_2_im_1_grey.png,7,0.8166487216949463,0.02589315176010132
brown_bread,48-scale_2_im_1_grey.png,8,0.7985254526138306,0.018123269081115723
brown_bread,48-scale_2_im_1_grey.png,9,0.7773295044898987,0.021195948123931885
brown_bread,48-scale_2_im_1_grey.png,10,0.7592677474021912,0.01806175708770752
brown_bread,48-scale_2_im_1_grey.png,11,0.7435974478721619,0.015670299530029297
brown_bread,48-scale_2_im_1_grey.png,12,0.7248996496200562,0.018697798252105713
brown_bread,48-scale_2_im_1_grey.png,13,0.7118886709213257,0.013010978698730469
brown_bread,48-scale_2_im_1_grey.png,14,0.6954783797264099,0.01641029119491577
brown_bread,48-scale_2_im_1_grey.png,15,0.6827086806297302,0.012769699096679688
brown_bread,48-scale_2_im_1_grey.png,16,0.6700425744056702,0.012666106224060059
brown_bread,48-scale_2_im_1_grey.png,17,0.6617711782455444,0.008271396160125732
brown_bread,48-scale_2_im_1_grey.png,18,0.6523047089576721,0.009466469287872314
brown_bread,48-scale_2_im_1_grey.png,19,0.6415565013885498,0.010748207569122314
brown_bread,48-scale_2_im_1_grey.png,20,0.6339750289916992,0.007581472396850586
brown_bread,48-scale_2_im_2_grey.png,1,0.9789934754371643,0.021006524562835693
brown_bread,48-scale_2_im_2_grey.png,2,0.9444630742073059,0.0345304012298584
brown_bread,48-scale_2_im_2_grey.png,3,0.9153355360031128,0.029127538204193115
brown_bread,48-scale_2_im_2_grey.png,4,0.8836109638214111,0.03172457218170166
brown_bread,48-scale_2_im_2_grey.png,5,0.8547691106796265,0.028841853141784668
brown_bread,48-scale_2_im_2_grey.png,6,0.8307458758354187,0.024023234844207764
brown_bread,48-scale_2_im_2_grey.png,7,0.8052281141281128,0.025517761707305908
brown_bread,48-scale_2_im_2_grey.png,8,0.7851142287254333,0.020113885402679443
brown_bread,48-scale_2_im_2_grey.png,9,0.7643852233886719,0.020729005336761475
brown_bread,48-scale_2_im_2_grey.png,10,0.7441856861114502,0.02019953727722168
brown_bread,48-scale_2_im_2_grey.png,11,0.7239792346954346,0.020206451416015625
brown_bread,48-scale_2_im_2_grey.png,12,0.7100857496261597,0.013893485069274902
brown_bread,48-scale_2_im_2_grey.png,13,0.6924139857292175,0.01767176389694214
brown_bread,48-scale_2_im_2_grey.png,14,0.6743286848068237,0.0180853009223938
brown_bread,48-scale_2_im_2_grey.png,15,0.6607115864753723,0.013617098331451416
brown_bread,48-scale_2_im_2_grey.png,16,0.6477439403533936,0.01296764612197876
brown_bread,48-scale_2_im_2_grey.png,17,0.6384180784225464,0.009325861930847168
brown_bread,48-scale_2_im_2_grey.png,18,0.6248790621757507,0.013539016246795654
brown_bread,48-scale_2_im_2_grey.png,19,0.6131470799446106,0.011731982231140137
brown_bread,48-scale_2_im_2_grey.png,20,0.6045807600021362,0.008566319942474365
brown_bread,48-scale_2_im_3_grey.png,1,0.9679312109947205,0.03206878900527954
brown_bread,48-scale_2_im_3_grey.png,2,0.9139975309371948,0.053933680057525635
brown_bread,48-scale_2_im_3_grey.png,3,0.8679851293563843,0.04601240158081055
brown_bread,48-scale_2_im_3_grey.png,4,0.8160680532455444,0.051917076110839844
brown_bread,48-scale_2_im_3_grey.png,5,0.7688916325569153,0.04717642068862915
brown_bread,48-scale_2_im_3_grey.png,6,0.733891487121582,0.03500014543533325
brown_bread,48-scale_2_im_3_grey.png,7,0.6933944821357727,0.040497004985809326
brown_bread,48-scale_2_im_3_grey.png,8,0.6639130711555481,0.02948141098022461
brown_bread,48-scale_2_im_3_grey.png,9,0.633823037147522,0.030090034008026123
brown_bread,48-scale_2_im_3_grey.png,10,0.6048991084098816,0.02892392873764038
brown_bread,48-scale_2_im_3_grey.png,11,0.5831782817840576,0.021720826625823975
brown_bread,48-scale_2_im_3_grey.png,12,0.5592968463897705,0.02388143539428711
brown_bread,48-scale_2_im_3_grey.png,13,0.537497878074646,0.02179896831512451
brown_bread,48-scale_2_im_3_grey.png,14,0.5219030976295471,0.015594780445098877
brown_bread,48-scale_2_im_3_grey.png,15,0.5091240406036377,0.012779057025909424
brown_bread,48-scale_2_im_3_grey.png,16,0.5001717805862427,0.00895226001739502
brown_bread,48-scale_2_im_3_grey.png,17,0.49417489767074585,0.005996882915496826
brown_bread,48-scale_2_im_3_grey.png,18,0.4848611354827881,0.009313762187957764
brown_bread,48-scale_2_im_3_grey.png,19,0.4695778489112854,0.015283286571502686
brown_bread,48-scale_2_im_3_grey.png,20,0.4617042541503906,0.007873594760894775
brown_bread,48-scale_2_im_4_grey.png,1,0.9736769199371338,0.02632308006286621
brown_bread,48-scale_2_im_4_grey.png,2,0.9339630007743835,0.039713919162750244
brown_bread,48-scale_2_im_4_grey.png,3,0.9019905924797058,0.031972408294677734
brown_bread,48-scale_2_im_4_grey.png,4,0.8648731708526611,0.03711742162704468
brown_bread,48-scale_2_im_4_grey.png,5,0.8299102783203125,0.03496289253234863
brown_bread,48-scale_2_im_4_grey.png,6,0.8025112152099609,0.027399063110351562
brown_bread,48-scale_2_im_4_grey.png,7,0.772506058216095,0.030005156993865967
brown_bread,48-scale_2_im_4_grey.png,8,0.7514892816543579,0.02101677656173706
brown_bread,48-scale_2_im_4_grey.png,9,0.7303358912467957,0.021153390407562256
brown_bread,48-scale_2_im_4_grey.png,10,0.706282913684845,0.024052977561950684
brown_bread,48-scale_2_im_4_grey.png,11,0.6855120062828064,0.020770907402038574
brown_bread,48-scale_2_im_4_grey.png,12,0.661457359790802,0.024054646492004395
brown_bread,48-scale_2_im_4_grey.png,13,0.6483519077301025,0.013105452060699463
brown_bread,48-scale_2_im_4_grey.png,14,0.6332361698150635,0.015115737915039062
brown_bread,48-scale_2_im_4_grey.png,15,0.6229330897331238,0.010303080081939697
brown_bread,48-scale_2_im_4_grey.png,16,0.61492520570755,0.00800788402557373
brown_bread,48-scale_2_im_4_grey.png,17,0.6031433939933777,0.011781811714172363
brown_bread,48-scale_2_im_4_grey.png,18,0.5927643179893494,0.01037907600402832
brown_bread,48-scale_2_im_4_grey.png,19,0.5861059427261353,0.006658375263214111
brown_bread,48-scale_2_im_4_grey.png,20,0.5820808410644531,0.004025101661682129
brown_bread,48-scale_2_im_5_grey.png,1,0.9606250524520874,0.0393749475479126
brown_bread,48-scale_2_im_5_grey.png,2,0.8964081406593323,0.06421691179275513
brown_bread,48-scale_2_im_5_grey.png,3,0.8441317081451416,0.052276432514190674
brown_bread,48-scale_2_im_5_grey.png,4,0.7879292368888855,0.056202471256256104
brown_bread,48-scale_2_im_5_grey.png,5,0.7367420196533203,0.051187217235565186
brown_bread,48-scale_2_im_5_grey.png,6,0.6963602304458618,0.040381789207458496
brown_bread,48-scale_2_im_5_grey.png,7,0.6498145461082458,0.04654568433761597
brown_bread,48-scale_2_im_5_grey.png,8,0.6234939098358154,0.02632063627243042
brown_bread,48-scale_2_im_5_grey.png,9,0.5936233401298523,0.029870569705963135
brown_bread,48-scale_2_im_5_grey.png,10,0.5640588402748108,0.029564499855041504
brown_bread,48-scale_2_im_5_grey.png,11,0.5420804023742676,0.021978437900543213
brown_bread,48-scale_2_im_5_grey.png,12,0.5206502676010132,0.021430134773254395
brown_bread,48-scale_2_im_5_grey.png,13,0.5025843977928162,0.01806586980819702
brown_bread,48-scale_2_im_5_grey.png,14,0.4866088628768921,0.015975534915924072
brown_bread,48-scale_2_im_5_grey.png,15,0.4736156761646271,0.012993186712265015
brown_bread,48-scale_2_im_5_grey.png,16,0.46268728375434875,0.01092839241027832
brown_bread,48-scale_2_im_5_grey.png,17,0.44962990283966064,0.01305738091468811
brown_bread,48-scale_2_im_5_grey.png,18,0.4386013448238373,0.011028558015823364
brown_bread,48-scale_2_im_5_grey.png,19,0.4255658984184265,0.013035446405410767
brown_bread,48-scale_2_im_5_grey.png,20,0.41796034574508667,0.007605552673339844
brown_bread,48-scale_2_im_6_grey.png,1,0.9586642980575562,0.04133570194244385
brown_bread,48-scale_2_im_6_grey.png,2,0.8941353559494019,0.0645289421081543
brown_bread,48-scale_2_im_6_grey.png,3,0.8402566313743591,0.053878724575042725
brown_bread,48-scale_2_im_6_grey.png,4,0.7813552021980286,0.058901429176330566
brown_bread,48-scale_2_im_6_grey.png,5,0.7277499437332153,0.05360525846481323
brown_bread,48-scale_2_im_6_grey.png,6,0.6838021278381348,0.043947815895080566
brown_bread,48-scale_2_im_6_grey.png,7,0.639453113079071,0.04434901475906372
brown_bread,48-scale_2_im_6_grey.png,8,0.6078722476959229,0.03158086538314819
brown_bread,48-scale_2_im_6_grey.png,9,0.5773108601570129,0.030561387538909912
brown_bread,48-scale_2_im_6_grey.png,10,0.5498862862586975,0.02742457389831543
brown_bread,48-scale_2_im_6_grey.png,11,0.5293415188789368,0.020544767379760742
brown_bread,48-scale_2_im_6_grey.png,12,0.5107331871986389,0.01860833168029785
brown_bread,48-scale_2_im_6_grey.png,13,0.4952339828014374,0.015499204397201538
brown_bread,48-scale_2_im_6_grey.png,14,0.48229995369911194,0.01293402910232544
brown_bread,48-scale_2_im_6_grey.png,15,0.46908190846443176,0.013218045234680176
brown_bread,48-scale_2_im_6_grey.png,16,0.4582756459712982,0.010806262493133545
brown_bread,48-scale_2_im_6_grey.png,17,0.44884970784187317,0.009425938129425049
brown_bread,48-scale_2_im_6_grey.png,18,0.43523070216178894,0.013619005680084229
brown_bread,48-scale_2_im_6_grey.png,19,0.42875123023986816,0.006479471921920776
brown_bread,48-scale_2_im_6_grey.png,20,0.4172361493110657,0.01151508092880249
brown_bread,48-scale_2_im_7_grey.png,1,0.9791125059127808,0.02088749408721924
brown_bread,48-scale_2_im_7_grey.png,2,0.9460784196853638,0.03303408622741699
brown_bread,48-scale_2_im_7_grey.png,3,0.9165660738945007,0.029512345790863037
brown_bread,48-scale_2_im_7_grey.png,4,0.8839679956436157,0.03259807825088501
brown_bread,48-scale_2_im_7_grey.png,5,0.8529266119003296,0.031041383743286133
brown_bread,48-scale_2_im_7_grey.png,6,0.8281251192092896,0.02480149269104004
brown_bread,48-scale_2_im_7_grey.png,7,0.7975224852561951,0.030602633953094482
brown_bread,48-scale_2_im_7_grey.png,8,0.7738105654716492,0.0237119197845459
brown_bread,48-scale_2_im_7_grey.png,9,0.749517023563385,0.02429354190826416
brown_bread,48-scale_2_im_7_grey.png,10,0.7281879782676697,0.021329045295715332
brown_bread,48-scale_2_im_7_grey.png,11,0.706813395023346,0.02137458324432373
brown_bread,48-scale_2_im_7_grey.png,12,0.6868985295295715,0.019914865493774414
brown_bread,48-scale_2_im_7_grey.png,13,0.6727284789085388,0.014170050621032715
brown_bread,48-scale_2_im_7_grey.png,14,0.6557374596595764,0.016991019248962402
brown_bread,48-scale_2_im_7_grey.png,15,0.646234393119812,0.009503066539764404
brown_bread,48-scale_2_im_7_grey.png,16,0.6360284686088562,0.01020592451095581
brown_bread,48-scale_2_im_7_grey.png,17,0.6199036240577698,0.016124844551086426
brown_bread,48-scale_2_im_7_grey.png,18,0.6027505993843079,0.017153024673461914
brown_bread,48-scale_2_im_7_grey.png,19,0.5874645113945007,0.015286087989807129
brown_bread,48-scale_2_im_7_grey.png,20,0.5740559697151184,0.013408541679382324
brown_bread,48-scale_2_im_8_grey.png,1,0.979057252407074,0.020942747592926025
brown_bread,48-scale_2_im_8_grey.png,2,0.9476010203361511,0.03145623207092285
brown_bread,48-scale_2_im_8_grey.png,3,0.9216063618659973,0.02599465847015381
brown_bread,48-scale_2_im_8_grey.png,4,0.8945370316505432,0.0270693302154541
brown_bread,48-scale_2_im_8_grey.png,5,0.8680187463760376,0.026518285274505615
brown_bread,48-scale_2_im_8_grey.png,6,0.8468084335327148,0.021210312843322754
brown_bread,48-scale_2_im_8_grey.png,7,0.8203862309455872,0.026422202587127686
brown_bread,48-scale_2_im_8_grey.png,8,0.801882266998291,0.018503963947296143
brown_bread,48-scale_2_im_8_grey.png,9,0.7811521887779236,0.02073007822036743
brown_bread,48-scale_2_im_8_grey.png,10,0.7628598213195801,0.018292367458343506
brown_bread,48-scale_2_im_8_grey.png,11,0.7437503933906555,0.01910942792892456
brown_bread,48-scale_2_im_8_grey.png,12,0.72637939453125,0.017370998859405518
brown_bread,48-scale_2_im_8_grey.png,13,0.7101037502288818,0.016275644302368164
brown_bread,48-scale_2_im_8_grey.png,14,0.6929833292961121,0.017120420932769775
brown_bread,48-scale_2_im_8_grey.png,15,0.6805293560028076,0.012453973293304443
brown_bread,48-scale_2_im_8_grey.png,16,0.6649318933486938,0.01559746265411377
brown_bread,48-scale_2_im_8_grey.png,17,0.6480731964111328,0.016858696937561035
brown_bread,48-scale_2_im_8_grey.png,18,0.6365588903427124,0.01151430606842041
brown_bread,48-scale_2_im_8_grey.png,19,0.6224358677864075,0.014123022556304932
brown_bread,48-scale_2_im_8_grey.png,20,0.6074723601341248,0.014963507652282715
brown_bread,48-scale_2_im_9_grey.png,1,0.9659719467163086,0.034028053283691406
brown_bread,48-scale_2_im_9_grey.png,2,0.9096118807792664,0.056360065937042236
brown_bread,48-scale_2_im_9_grey.png,3,0.8621031045913696,0.04750877618789673
brown_bread,48-scale_2_im_9_grey.png,4,0.8085962533950806,0.05350685119628906
brown_bread,48-scale_2_im_9_grey.png,5,0.7607012987136841,0.047894954681396484
brown_bread,48-scale_2_im_9_grey.png,6,0.7219794392585754,0.03872185945510864
brown_bread,48-scale_2_im_9_grey.png,7,0.6814975738525391,0.04048186540603638
brown_bread,48-scale_2_im_9_grey.png,8,0.6510961055755615,0.03040146827697754
brown_bread,48-scale_2_im_9_grey.png,9,0.6193796992301941,0.03171640634536743
brown_bread,48-scale_2_im_9_grey.png,10,0.5923454165458679,0.027034282684326172
brown_bread,48-scale_2_im_9_grey.png,11,0.5650982856750488,0.027247130870819092
brown_bread,48-scale_2_im_9_grey.png,12,0.5387861132621765,0.026312172412872314
brown_bread,48-scale_2_im_9_grey.png,13,0.5193734765052795,0.019412636756896973
brown_bread,48-scale_2_im_9_grey.png,14,0.5002013444900513,0.01917213201522827
brown_bread,48-scale_2_im_9_grey.png,15,0.48702389001846313,0.013177454471588135
brown_bread,48-scale_2_im_9_grey.png,16,0.475469708442688,0.011554181575775146
brown_bread,48-scale_2_im_9_grey.png,17,0.46136635541915894,0.014103353023529053
brown_bread,48-scale_2_im_9_grey.png,18,0.4474300742149353,0.013936281204223633
brown_bread,48-scale_2_im_9_grey.png,19,0.4417051374912262,0.0057249367237091064
brown_bread,48-scale_2_im_9_grey.png,20,0.4311411380767822,0.01056399941444397
brown_bread,48-scale_3_im_1_grey.png,1,0.9709972143173218,0.029002785682678223
brown_bread,48-scale_3_im_1_grey.png,2,0.9281851053237915,0.04281210899353027
brown_bread,48-scale_3_im_1_grey.png,3,0.8920454382896423,0.03613966703414917
brown_bread,48-scale_3_im_1_grey.png,4,0.8513806462287903,0.04066479206085205
brown_bread,48-scale_3_im_1_grey.png,5,0.8140483498573303,0.03733229637145996
brown_bread,48-scale_3_im_1_grey.png,6,0.7865004539489746,0.027547895908355713
brown_bread,48-scale_3_im_1_grey.png,7,0.7532963752746582,0.033204078674316406
brown_bread,48-scale_3_im_1_grey.png,8,0.7306550145149231,0.022641360759735107
brown_bread,48-scale_3_im_1_grey.png,9,0.7070978283882141,0.023557186126708984
brown_bread,48-scale_3_im_1_grey.png,10,0.6837931275367737,0.02330470085144043
brown_bread,48-scale_3_im_1_grey.png,11,0.6607575416564941,0.02303558588027954
brown_bread,48-scale_3_im_1_grey.png,12,0.6414095759391785,0.019347965717315674
brown_bread,48-scale_3_im_1_grey.png,13,0.6258471012115479,0.015562474727630615
brown_bread,48-scale_3_im_1_grey.png,14,0.6123853325843811,0.013461768627166748
brown_bread,48-scale_3_im_1_grey.png,15,0.6025652289390564,0.009820103645324707
brown_bread,48-scale_3_im_1_grey.png,16,0.591273307800293,0.011291921138763428
brown_bread,48-scale_3_im_1_grey.png,17,0.580422580242157,0.010850727558135986
brown_bread,48-scale_3_im_1_grey.png,18,0.5709551572799683,0.00946742296218872
brown_bread,48-scale_3_im_1_grey.png,19,0.5608528852462769,0.010102272033691406
brown_bread,48-scale_3_im_1_grey.png,20,0.5525224804878235,0.00833040475845337
brown_bread,48-scale_3_im_2_grey.png,1,0.9647594094276428,0.03524059057235718
brown_bread,48-scale_3_im_2_grey.png,2,0.9125299453735352,0.052229464054107666
brown_bread,48-scale_3_im_2_grey.png,3,0.868890643119812,0.043639302253723145
brown_bread,48-scale_3_im_2_grey.png,4,0.8247352838516235,0.04415535926818848
brown_bread,48-scale_3_im_2_grey.png,5,0.7835759520530701,0.04115933179855347
brown_bread,48-scale_3_im_2_grey.png,6,0.755908191204071,0.027667760848999023
brown_bread,48-scale_3_im_2_grey.png,7,0.721196174621582,0.034712016582489014
brown_bread,48-scale_3_im_2_grey.png,8,0.6954290866851807,0.025767087936401367
brown_bread,48-scale_3_im_2_grey.png,9,0.6693013906478882,0.02612769603729248
brown_bread,48-scale_3_im_2_grey.png,10,0.6446937918663025,0.024607598781585693
brown_bread,48-scale_3_im_2_grey.png,11,0.6208233833312988,0.023870408535003662
brown_bread,48-scale_3_im_2_grey.png,12,0.5999135375022888,0.02090984582901001
brown_bread,48-scale_3_im_2_grey.png,13,0.5804728865623474,0.019440650939941406
brown_bread,48-scale_3_im_2_grey.png,14,0.5691627860069275,0.011310100555419922
brown_bread,48-scale_3_im_2_grey.png,15,0.5571621656417847,0.012000620365142822
brown_bread,48-scale_3_im_2_grey.png,16,0.5428319573402405,0.01433020830154419
brown_bread,48-scale_3_im_2_grey.png,17,0.5268762707710266,0.015955686569213867
brown_bread,48-scale_3_im_2_grey.png,18,0.5142688155174255,0.012607455253601074
brown_bread,48-scale_3_im_2_grey.png,19,0.5034463405609131,0.010822474956512451
brown_bread,48-scale_3_im_2_grey.png,20,0.4946820139884949,0.008764326572418213
orange_peel,55-scale_1_im_1_grey.png,1,0.9964327216148376,0.0035672783851623535
orange_peel,55-scale_1_im_1_grey.png,2,0.9914642572402954,0.004968464374542236
orange_peel,55-scale_1_im_1_grey.png,3,0.985051691532135,0.0064125657081604
orange_peel,55-scale_1_im_1_grey.png,4,0.9749794602394104,0.01007223129272461
orange_peel,55-scale_1_im_1_grey.png,5,0.9638290405273438,0.01115041971206665
orange_peel,55-scale_1_im_1_grey.png,6,0.9545091986656189,0.009319841861724854
orange_peel,55-scale_1_im_1_grey.png,7,0.9436723589897156,0.01083683967590332
orange_peel,55-scale_1_im_1_grey.png,8,0.9356454014778137,0.008026957511901855
orange_peel,55-scale_1_im_1_grey.png,9,0.9284288883209229,0.007216513156890869
orange_peel,55-scale_1_im_1_grey.png,10,0.9212818145751953,0.007147073745727539
orange_peel,55-scale_1_im_1_grey.png,11,0.9149017930030823,0.006380021572113037
orange_peel,55-scale_1_im_1_grey.png,12,0.9098843336105347,0.005017459392547607
orange_peel,55-scale_1_im_1_grey.png,13,0.9061552882194519,0.0037290453910827637
orange_peel,55-scale_1_im_1_grey.png,14,0.9015326499938965,0.00462263822555542
orange_peel,55-scale_1_im_1_grey.png,15,0.898826003074646,0.0027066469192504883
orange_peel,55-scale_1_im_1_grey.png,16,0.8946965336799622,0.004129469394683838
orange_peel,55-scale_1_im_1_grey.png,17,0.8924492597579956,0.0022472739219665527
orange_peel,55-scale_1_im_1_grey.png,18,0.8904864192008972,0.0019628405570983887
orange_peel,55-scale_1_im_1_grey.png,19,0.8883794546127319,0.002106964588165283
orange_peel,55-scale_1_im_1_grey.png,20,0.8870487809181213,0.0013306736946105957
orange_peel,55-scale_1_im_2_grey.png,1,0.9945248365402222,0.005475163459777832
orange_peel,55-scale_1_im_2_grey.png,2,0.9872913956642151,0.00723344087600708
orange_peel,55-scale_1_im_2_grey.png,3,0.9796680808067322,0.00762331485748291
orange_peel,55-scale_1_im_2_grey.png,4,0.9693684577941895,0.010299623012542725
orange_peel,55-scale_1_im_2_grey.png,5,0.9582549929618835,0.011113464832305908
orange_peel,55-scale_1_im_2_grey.png,6,0.9502608180046082,0.00799417495727539
orange_peel,55-scale_1_im_2_grey.png,7,0.9425564408302307,0.007704377174377441
orange_peel,55-scale_1_im_2_grey.png,8,0.9370668530464172,0.0054895877838134766
orange_peel,55-scale_1_im_2_grey.png,9,0.9320017099380493,0.00506514310836792
orange_peel,55-scale_1_im_2_grey.png,10,0.9268373250961304,0.005164384841918945
orange_peel,55-scale_1_im_2_grey.png,11,0.922500729560852,0.00433659553527832
orange_peel,55-scale_1_im_2_grey.png,12,0.9185173511505127,0.0039833784103393555
orange_peel,55-scale_1_im_2_grey.png,13,0.9142665266990662,0.004250824451446533
orange_peel,55-scale_1_im_2_grey.png,14,0.9108222723007202,0.0034442543983459473
orange_peel,55-scale_1_im_2_grey.png,15,0.9083901643753052,0.002432107925415039
orange_peel,55-scale_1_im_2_grey.png,16,0.9062387943267822,0.0021513700485229492
orange_peel,55-scale_1_im_2_grey.png,17,0.9036636352539062,0.0025751590728759766
orange_peel,55-scale_1_im_2_grey.png,18,0.9016169309616089,0.0020467042922973633
orange_peel,55-scale_1_im_2_grey.png,19,0.8979701995849609,0.0036467313766479492
orange_peel,55-scale_1_im_2_grey.png,20,0.8956968188285828,0.002273380756378174
orange_peel,55-scale_1_im_3_grey.png,1,0.9930691123008728,0.006930887699127197
orange_peel,55-scale_1_im_3_grey.png,2,0.985126256942749,0.00794285535812378
orange_peel,55-scale_1_im_3_grey.png,3,0.9766632318496704,0.008463025093078613
orange_peel,55-scale_1_im_3_grey.png,4,0.9650387167930603,0.011624515056610107
orange_peel,55-scale_1_im_3_grey.png,5,0.9521101713180542,0.012928545475006104
orange_peel,55-scale_1_im_3_grey.png,6,0.94215989112854,0.00995028018951416
orange_peel,55-scale_1_im_3_grey.png,7,0.9305731058120728,0.011586785316467285
orange_peel,55-scale_1_im_3_grey.png,8,0.9228333234786987,0.0077397823333740234
orange_peel,55-scale_1_im_3_grey.png,9,0.9149742126464844,0.007859110832214355
orange_peel,55-scale_1_im_3_grey.png,10,0.9082392454147339,0.006734967231750488
orange_peel,55-scale_1_im_3_grey.png,11,0.9027930498123169,0.005446195602416992
orange_peel,55-scale_1_im_3_grey.png,12,0.8973832726478577,0.0054097771644592285
orange_peel,55-scale_1_im_3_grey.png,13,0.8931189775466919,0.0042642951011657715
orange_peel,55-scale_1_im_3_grey.png,14,0.8893454074859619,0.0037735700607299805
orange_peel,55-scale_1_im_3_grey.png,15,0.8870478868484497,0.002297520637512207
orange_peel,55-scale_1_im_3_grey.png,16,0.8836246132850647,0.0034232735633850098
orange_peel,55-scale_1_im_3_grey.png,17,0.8806266784667969,0.0029979348182678223
orange_peel,55-scale_1_im_3_grey.png,18,0.8767223954200745,0.003904283046722412
orange_peel,55-scale_1_im_3_grey.png,19,0.8742882013320923,0.0024341940879821777
orange_peel,55-scale_1_im_3_grey.png,20,0.8707771301269531,0.00351107120513916
orange_peel,55-scale_1_im_4_grey.png,1,0.9956571459770203,0.004342854022979736
orange_peel,55-scale_1_im_4_grey.png,2,0.9903498888015747,0.005307257175445557
orange_peel,55-scale_1_im_4_grey.png,3,0.9851176738739014,0.00523221492767334
orange_peel,55-scale_1_im_4_grey.png,4,0.9782416820526123,0.0068759918212890625
orange_peel,55-scale_1_im_4_grey.png,5,0.9713375568389893,0.006904125213623047
orange_peel,55-scale_1_im_4_grey.png,6,0.9659727811813354,0.005364775657653809
orange_peel,55-scale_1_im_4_grey.png,7,0.9605289697647095,0.0054438114166259766
orange_peel,55-scale_1_im_4_grey.png,8,0.9566863179206848,0.003842651844024658
orange_peel,55-scale_1_im_4_grey.png,9,0.9527121186256409,0.003974199295043945
orange_peel,55-scale_1_im_4_grey.png,10,0.9488219022750854,0.00389021635055542
orange_peel,55-scale_1_im_4_grey.png,11,0.945326030254364,0.0034958720207214355
orange_peel,55-scale_1_im_4_grey.png,12,0.942352294921875,0.0029737353324890137
orange_peel,55-scale_1_im_4_grey.png,13,0.9399552345275879,0.0023970603942871094
orange_peel,55-scale_1_im_4_grey.png,14,0.9377920627593994,0.0021631717681884766
orange_peel,55-scale_1_im_4_grey.png,15,0.9359745979309082,0.001817464828491211
orange_peel,55-scale_1_im_4_grey.png,16,0.9345722198486328,0.0014023780822753906
orange_peel,55-scale_1_im_4_grey.png,17,0.9325729608535767,0.0019992589950561523
orange_peel,55-scale_1_im_4_grey.png,18,0.9304106831550598,0.0021622776985168457
orange_peel,55-scale_1_im_4_grey.png,19,0.9290575981140137,0.0013530850410461426
orange_peel,55-scale_1_im_4_grey.png,20,0.9266875982284546,0.002369999885559082
orange_peel,55-scale_1_im_5_grey.png,1,0.9930639266967773,0.006936073303222656
orange_peel,55-scale_1_im_5_grey.png,2,0.9855947494506836,0.00746917724609375
orange_peel,55-scale_1_im_5_grey.png,3,0.9794591069221497,0.0061356425285339355
orange_peel,55-scale_1_im_5_grey.png,4,0.9726531505584717,0.0068059563636779785
orange_peel,55-scale_1_im_5_grey.png,5,0.9652841687202454,0.007368981838226318
orange_peel,55-scale_1_im_5_grey.png,6,0.9603642225265503,0.004919946193695068
orange_peel,55-scale_1_im_5_grey.png,7,0.9545218348503113,0.005842387676239014
orange_peel,55-scale_1_im_5_grey.png,8,0.9500449895858765,0.0044768452644348145
orange_peel,55-scale_1_im_5_grey.png,9,0.9458930492401123,0.00415194034576416
orange_peel,55-scale_1_im_5_grey.png,10,0.940919041633606,0.004974007606506348
orange_peel,55-scale_1_im_5_grey.png,11,0.9360762238502502,0.004842817783355713
orange_peel,55-scale_1_im_5_grey.png,12,0.9306523203849792,0.005423903465270996
orange_peel,55-scale_1_im_5_grey.png,13,0.9269763231277466,0.003675997257232666
orange_peel,55-scale_1_im_5_grey.png,14,0.9243953824043274,0.0025809407234191895
orange_peel,55-scale_1_im_5_grey.png,15,0.9222716093063354,0.0021237730979919434
orange_peel,55-scale_1_im_5_grey.png,16,0.919510543346405,0.00276106595993042
orange_peel,55-scale_1_im_5_grey.png,17,0.9171569347381592,0.0023536086082458496
orange_peel,55-scale_1_im_5_grey.png,18,0.9149798154830933,0.002177119255065918
orange_peel,55-scale_1_im_5_grey.png,19,0.9124175310134888,0.002562284469604492
orange_peel,55-scale_1_im_5_grey.png,20,0.9094662070274353,0.002951323986053467
orange_peel,55-scale_1_im_6_grey.png,1,0.9926105737686157,0.007389426231384277
orange_peel,55-scale_1_im_6_grey.png,2,0.9847230315208435,0.007887542247772217
orange_peel,55-scale_1_im_6_grey.png,3,0.9771801829338074,0.007542848587036133
orange_peel,55-scale_1_im_6_grey.png,4,0.9674669504165649,0.009713232517242432
orange_peel,55-scale_1_im_6_grey.png,5,0.9574665427207947,0.010000407695770264
orange_peel,55-scale_1_im_6_grey.png,6,0.9500105381011963,0.007456004619598389
orange_peel,55-scale_1_im_6_grey.png,7,0.9415736794471741,0.008436858654022217
orange_peel,55-scale_1_im_6_grey.png,8,0.9352595806121826,0.006314098834991455
orange_peel,55-scale_1_im_6_grey.png,9,0.929930567741394,0.005329012870788574
orange_peel,55-scale_1_im_6_grey.png,10,0.9244089126586914,0.005521655082702637
orange_peel,55-scale_1_im_6_grey.png,11,0.9193251729011536,0.005083739757537842
orange_peel,55-scale_1_im_6_grey.png,12,0.9130431413650513,0.006282031536102295
orange_peel,55-scale_1_im_6_grey.png,13,0.9093717932701111,0.0036713480949401855
orange_peel,55-scale_1_im_6_grey.png,14,0.9054866433143616,0.0038851499557495117
orange_peel,55-scale_1_im_6_grey.png,15,0.9030717611312866,0.002414882183074951
orange_peel,55-scale_1_im_6_grey.png,16,0.9001125693321228,0.0029591917991638184
orange_peel,55-scale_1_im_6_grey.png,17,0.8965238928794861,0.0035886764526367188
orange_peel,55-scale_1_im_6_grey.png,18,0.8930966258049011,0.003427267074584961
orange_peel,55-scale_1_im_6_grey.png,19,0.8903388977050781,0.002757728099822998
orange_peel,55-scale_1_im_6_grey.png,20,0.8883295059204102,0.0020093917846679688
orange_peel,55-scale_1_im_7_grey.png,1,0.9957563281059265,0.004243671894073486
orange_peel,55-scale_1_im_7_grey.png,2,0.9902588129043579,0.0054975152015686035
orange_peel,55-scale_1_im_7_grey.png,3,0.9841236472129822,0.006135165691375732
orange_peel,55-scale_1_im_7_grey.png,4,0.9752007126808167,0.008922934532165527
orange_peel,55-scale_1_im_7_grey.png,5,0.9658660292625427,0.009334683418273926
orange_peel,55-scale_1_im_7_grey.png,6,0.9590879082679749,0.006778120994567871
orange_peel,55-scale_1_im_7_grey.png,7,0.9517011642456055,0.007386744022369385
orange_peel,55-scale_1_im_7_grey.png,8,0.9472162127494812,0.004484951496124268
orange_peel,55-scale_1_im_7_grey.png,9,0.9424015283584595,0.0048146843910217285
orange_peel,55-scale_1_im_7_grey.png,10,0.938254177570343,0.004147350788116455
orange_peel,55-scale_1_im_7_grey.png,11,0.9343879818916321,0.0038661956787109375
orange_peel,55-scale_1_im_7_grey.png,12,0.9313164949417114,0.0030714869499206543
orange_peel,55-scale_1_im_7_grey.png,13,0.9284616708755493,0.0028548240661621094
orange_peel,55-scale_1_im_7_grey.png,14,0.9253562688827515,0.0031054019927978516
orange_peel,55-scale_1_im_7_grey.png,15,0.9228368997573853,0.002519369125366211
orange_peel,55-scale_1_im_7_grey.png,16,0.9198259115219116,0.003010988235473633
orange_peel,55-scale_1_im_7_grey.png,17,0.9179975390434265,0.0018283724784851074
orange_peel,55-scale_1_im_7_grey.png,18,0.9152499437332153,0.0027475953102111816
orange_peel,55-scale_1_im_7_grey.png,19,0.9130698442459106,0.0021800994873046875
orange_peel,55-scale_1_im_7_grey.png,20,0.9113243818283081,0.001745462417602539
orange_peel,55-scale_1_im_8_grey.png,1,0.9953911304473877,0.004608869552612305
orange_peel,55-scale_1_im_8_grey.png,2,0.9889703392982483,0.006420791149139404
orange_peel,55-scale_1_im_8_grey.png,3,0.9817714691162109,0.0071988701820373535
orange_peel,55-scale_1_im_8_grey.png,4,0.9709312319755554,0.010840237140655518
orange_peel,55-scale_1_im_8_grey.png,5,0.9591718316078186,0.011759400367736816
orange_peel,55-scale_1_im_8_grey.png,6,0.9490653276443481,0.010106503963470459
orange_peel,55-scale_1_im_8_grey.png,7,0.9377730488777161,0.01129227876663208
orange_peel,55-scale_1_im_8_grey.png,8,0.9283335208892822,0.009439527988433838
orange_peel,55-scale_1_im_8_grey.png,9,0.9197682738304138,0.008565247058868408
orange_peel,55-scale_1_im_8_grey.png,10,0.9124061465263367,0.0073621273040771484
orange_peel,55-scale_1_im_8_grey.png,11,0.9061973690986633,0.00620877742767334
orange_peel,55-scale_1_im_8_grey.png,12,0.9003825187683105,0.005814850330352783
orange_peel,55-scale_1_im_8_grey.png,13,0.8965927958488464,0.0037897229194641113
orange_peel,55-scale_1_im_8_grey.png,14,0.8928753733634949,0.0037174224853515625
orange_peel,55-scale_1_im_8_grey.png,15,0.8904938697814941,0.0023815035820007324
orange_peel,55-scale_1_im_8_grey.png,16,0.8869162201881409,0.0035776495933532715
orange_peel,55-scale_1_im_8_grey.png,17,0.8845435976982117,0.0023726224899291992
orange_peel,55-scale_1_im_8_grey.png,18,0.8819165229797363,0.002627074718475342
orange_peel,55-scale_1_im_8_grey.png,19,0.8803471922874451,0.0015693306922912598
orange_peel,55-scale_1_im_8_grey.png,20,0.8784213066101074,0.0019258856773376465
orange_peel,55-scale_1_im_9_grey.png,1,0.9921603798866272,0.007839620113372803
orange_peel,55-scale_1_im_9_grey.png,2,0.9840547442436218,0.008105635643005371
orange_peel,55-scale_1_im_9_grey.png,3,0.9758650064468384,0.008189737796783447
orange_peel,55-scale_1_im_9_grey.png,4,0.964957594871521,0.010907411575317383
orange_peel,55-scale_1_im_9_grey.png,5,0.9537554383277893,0.01120215654373169
orange_peel,55-scale_1_im_9_grey.png,6,0.9458906650543213,0.007864773273468018
orange_peel,55-scale_1_im_9_grey.png,7,0.9369823932647705,0.008908271789550781
orange_peel,55-scale_1_im_9_grey.png,8,0.9302508234977722,0.006731569766998291
orange_peel,55-scale_1_im_9_grey.png,9,0.9243788719177246,0.005871951580047607
orange_peel,55-scale_1_im_9_grey.png,10,0.9181598424911499,0.006219029426574707
orange_peel,55-scale_1_im_9_grey.png,11,0.9131978750228882,0.004961967468261719
orange_peel,55-scale_1_im_9_grey.png,12,0.9084808230400085,0.004717051982879639
orange_peel,55-scale_1_im_9_grey.png,13,0.9048650860786438,0.003615736961364746
orange_peel,55-scale_1_im_9_grey.png,14,0.9007373452186584,0.0041277408599853516
orange_peel,55-scale_1_im_9_grey.png,15,0.8974514603614807,0.0032858848571777344
orange_peel,55-scale_1_im_9_grey.png,16,0.8937986493110657,0.003652811050415039
orange_peel,55-scale_1_im_9_grey.png,17,0.89030921459198,0.0034894347190856934
orange_peel,55-scale_1_im_9_grey.png,18,0.8877815008163452,0.0025277137756347656
orange_peel,55-scale_1_im_9_grey.png,19,0.8824560642242432,0.005325436592102051
orange_peel,55-scale_1_im_9_grey.png,20,0.8799339532852173,0.002522110939025879
orange_peel,55-scale_2_im_1_grey.png,1,0.9920065402984619,0.007993459701538086
orange_peel,55-scale_2_im_1_grey.png,2,0.9747151136398315,0.01729142665863037
orange_peel,55-scale_2_im_1_grey.png,3,0.9584303498268127,0.0162847638130188
orange_peel,55-scale_2_im_1_grey.png,4,0.9416658878326416,0.016764461994171143
orange_peel,55-scale_2_im_1_grey.png,5,0.9289923310279846,0.012673556804656982
orange_peel,55-scale_2_im_1_grey.png,6,0.9202213883399963,0.008770942687988281
orange_peel,55-scale_2_im_1_grey.png,7,0.9117891788482666,0.008432209491729736
orange_peel,55-scale_2_im_1_grey.png,8,0.905524730682373,0.006264448165893555
orange_peel,55-scale_2_im_1_grey.png,9,0.8995327949523926,0.005991935729980469
orange_peel,55-scale_2_im_1_grey.png,10,0.8953935503959656,0.004139244556427002
orange_peel,55-scale_2_im_1_grey.png,11,0.8915223479270935,0.0038712024688720703
orange_peel,55-scale_2_im_1_grey.png,12,0.8873834013938904,0.004138946533203125
orange_peel,55-scale_2_im_1_grey.png,13,0.8836808800697327,0.003702521324157715
orange_peel,55-scale_2_im_1_grey.png,14,0.8795251846313477,0.00415569543838501
orange_peel,55-scale_2_im_1_grey.png,15,0.8761334419250488,0.003391742706298828
orange_peel,55-scale_2_im_1_grey.png,16,0.8733755946159363,0.002757847309112549
orange_peel,55-scale_2_im_1_grey.png,17,0.8698557019233704,0.003519892692565918
orange_peel,55-scale_2_im_1_grey.png,18,0.8671251535415649,0.00273054838180542
orange_peel,55-scale_2_im_1_grey.png,19,0.8656203150749207,0.0015048384666442871
orange_peel,55-scale_2_im_1_grey.png,20,0.8631311058998108,0.0024892091751098633
orange_peel,55-scale_2_im_2_grey.png,1,0.9910491704940796,0.00895082950592041
orange_peel,55-scale_2_im_2_grey.png,2,0.9724127650260925,0.01863640546798706
orange_peel,55-scale_2_im_2_grey.png,3,0.9578980207443237,0.014514744281768799
orange_peel,55-scale_2_im_2_grey.png,4,0.9436566233634949,0.014241397380828857
orange_peel,55-scale_2_im_2_grey.png,5,0.9315038323402405,0.012152791023254395
orange_peel,55-scale_2_im_2_grey.png,6,0.925135612487793,0.00636821985244751
orange_peel,55-scale_2_im_2_grey.png,7,0.9186551570892334,0.00648045539855957
orange_peel,55-scale_2_im_2_grey.png,8,0.9134780764579773,0.0051770806312561035
orange_peel,55-scale_2_im_2_grey.png,9,0.9094207882881165,0.00405728816986084
orange_peel,55-scale_2_im_2_grey.png,10,0.904207170009613,0.005213618278503418
orange_peel,55-scale_2_im_2_grey.png,11,0.9000352025032043,0.004171967506408691
orange_peel,55-scale_2_im_2_grey.png,12,0.8954653143882751,0.004569888114929199
orange_peel,55-scale_2_im_2_grey.png,13,0.8901845812797546,0.005280733108520508
orange_peel,55-scale_2_im_2_grey.png,14,0.8871474266052246,0.0030371546745300293
orange_peel,55-scale_2_im_2_grey.png,15,0.883398175239563,0.003749251365661621
orange_peel,55-scale_2_im_2_grey.png,16,0.8795240521430969,0.0038741230964660645
orange_peel,55-scale_2_im_2_grey.png,17,0.8761320114135742,0.003392040729522705
orange_peel,55-scale_2_im_2_grey.png,18,0.8728762269020081,0.003255784511566162
orange_peel,55-scale_2_im_2_grey.png,19,0.8689620494842529,0.003914177417755127
orange_peel,55-scale_2_im_2_grey.png,20,0.8643880486488342,0.004574000835418701
orange_peel,55-scale_2_im_3_grey.png,1,0.988419771194458,0.011580228805541992
orange_peel,55-scale_2_im_3_grey.png,2,0.9675489664077759,0.02087080478668213
orange_peel,55-scale_2_im_3_grey.png,3,0.9484678506851196,0.01908111572265625
orange_peel,55-scale_2_im_3_grey.png,4,0.9297391772270203,0.018728673458099365
orange_peel,55-scale_2_im_3_grey.png,5,0.9155057072639465,0.01423346996307373
orange_peel,55-scale_2_im_3_grey.png,6,0.9067844748497009,0.008721232414245605
orange_peel,55-scale_2_im_3_grey.png,7,0.8978619575500488,0.0089225172996521
orange_peel,55-scale_2_im_3_grey.png,8,0.8897124528884888,0.008149504661560059
orange_peel,55-scale_2_im_3_grey.png,9,0.8818597197532654,0.007852733135223389
orange_peel,55-scale_2_im_3_grey.png,10,0.8750035762786865,0.006856143474578857
orange_peel,55-scale_2_im_3_grey.png,11,0.869605302810669,0.005398273468017578
orange_peel,55-scale_2_im_3_grey.png,12,0.863140881061554,0.00646442174911499
orange_peel,55-scale_2_im_3_grey.png,13,0.8565431237220764,0.006597757339477539
orange_peel,55-scale_2_im_3_grey.png,14,0.8503749966621399,0.0061681270599365234
orange_peel,55-scale_2_im_3_grey.png,15,0.8438946008682251,0.006480395793914795
orange_peel,55-scale_2_im_3_grey.png,16,0.8371632695198059,0.0067313313484191895
orange_peel,55-scale_2_im_3_grey.png,17,0.8310264348983765,0.006136834621429443
orange_peel,55-scale_2_im_3_grey.png,18,0.8251422047615051,0.005884230136871338
orange_peel,55-scale_2_im_3_grey.png,19,0.8225620985031128,0.002580106258392334
orange_peel,55-scale_2_im_3_grey.png,20,0.8195160627365112,0.0030460357666015625
orange_peel,55-scale_2_im_4_grey.png,1,0.99148029088974,0.00851970911026001
orange_peel,55-scale_2_im_4_grey.png,2,0.9769339561462402,0.014546334743499756
orange_peel,55-scale_2_im_4_grey.png,3,0.9656122326850891,0.011321723461151123
orange_peel,55-scale_2_im_4_grey.png,4,0.9548039436340332,0.010808289051055908
orange_peel,55-scale_2_im_4_grey.png,5,0.9465596079826355,0.008244335651397705
orange_peel,55-scale_2_im_4_grey.png,6,0.9422036409378052,0.004355967044830322
orange_peel,55-scale_2_im_4_grey.png,7,0.9371179938316345,0.005085647106170654
orange_peel,55-scale_2_im_4_grey.png,8,0.9333459138870239,0.0037720799446105957
orange_peel,55-scale_2_im_4_grey.png,9,0.9295402765274048,0.0038056373596191406
orange_peel,55-scale_2_im_4_grey.png,10,0.9255931973457336,0.003947079181671143
orange_peel,55-scale_2_im_4_grey.png,11,0.9223179817199707,0.0032752156257629395
orange_peel,55-scale_2_im_4_grey.png,12,0.9189422726631165,0.003375709056854248
orange_peel,55-scale_2_im_4_grey.png,13,0.9159988760948181,0.00294339656829834
orange_peel,55-scale_2_im_4_grey.png,14,0.9123767018318176,0.0036221742630004883
orange_peel,55-scale_2_im_4_grey.png,15,0.9088941216468811,0.0034825801849365234
orange_peel,55-scale_2_im_4_grey.png,16,0.9056272506713867,0.0032668709754943848
orange_peel,55-scale_2_im_4_grey.png,17,0.9025003910064697,0.003126859664916992
orange_peel,55-scale_2_im_4_grey.png,18,0.8996971249580383,0.0028032660484313965
orange_peel,55-scale_2_im_4_grey.png,19,0.8982633948326111,0.001433730125427246
orange_peel,55-scale_2_im_4_grey.png,20,0.8960787057876587,0.0021846890449523926
orange_peel,55-scale_2_im_5_grey.png,1,0.9914724826812744,0.008527517318725586
orange_peel,55-scale_2_im_5_grey.png,2,0.9786582589149475,0.012814223766326904
orange_peel,55-scale_2_im_5_grey.png,3,0.9688476920127869,0.009810566902160645
orange_peel,55-scale_2_im_5_grey.png,4,0.9592519402503967,0.009595751762390137
orange_peel,55-scale_2_im_5_grey.png,5,0.9510171413421631,0.008234798908233643
orange_peel,55-scale_2_im_5_grey.png,6,0.946051836013794,0.004965305328369141
orange_peel,55-scale_2_im_5_grey.png,7,0.9389937520027161,0.007058084011077881
orange_peel,55-scale_2_im_5_grey.png,8,0.9327869415283203,0.006206810474395752
orange_peel,55-scale_2_im_5_grey.png,9,0.9268255829811096,0.005961358547210693
orange_peel,55-scale_2_im_5_grey.png,10,0.9201184511184692,0.006707131862640381
orange_peel,55-scale_2_im_5_grey.png,11,0.9145443439483643,0.0055741071701049805
orange_peel,55-scale_2_im_5_grey.png,12,0.9094805717468262,0.005063772201538086
orange_peel,55-scale_2_im_5_grey.png,13,0.9049124717712402,0.0045680999755859375
orange_peel,55-scale_2_im_5_grey.png,14,0.9003683924674988,0.004544079303741455
orange_peel,55-scale_2_im_5_grey.png,15,0.8963930606842041,0.003975331783294678
orange_peel,55-scale_2_im_5_grey.png,16,0.8916141986846924,0.004778861999511719
orange_peel,55-scale_2_im_5_grey.png,17,0.8884039521217346,0.0032102465629577637
orange_peel,55-scale_2_im_5_grey.png,18,0.8828442692756653,0.005559682846069336
orange_peel,55-scale_2_im_5_grey.png,19,0.8788062334060669,0.004038035869598389
orange_peel,55-scale_2_im_5_grey.png,20,0.8727930784225464,0.006013154983520508
orange_peel,55-scale_2_im_6_grey.png,1,0.9876866936683655,0.012313306331634521
orange_peel,55-scale_2_im_6_grey.png,2,0.9696602821350098,0.018026411533355713
orange_peel,55-scale_2_im_6_grey.png,3,0.955022394657135,0.014637887477874756
orange_peel,55-scale_2_im_6_grey.png,4,0.9415794014930725,0.0134429931640625
orange_peel,55-scale_2_im_6_grey.png,5,0.9313358664512634,0.010243535041809082
orange_peel,55-scale_2_im_6_grey.png,6,0.9246507287025452,0.006685137748718262
orange_peel,55-scale_2_im_6_grey.png,7,0.9167613983154297,0.007889330387115479
orange_peel,55-scale_2_im_6_grey.png,8,0.9104990363121033,0.006262362003326416
orange_peel,55-scale_2_im_6_grey.png,9,0.9034363627433777,0.007062673568725586
orange_peel,55-scale_2_im_6_grey.png,10,0.8961629271507263,0.007273435592651367
orange_peel,55-scale_2_im_6_grey.png,11,0.8890730142593384,0.0070899128913879395
orange_peel,55-scale_2_im_6_grey.png,12,0.8827186226844788,0.006354391574859619
orange_peel,55-scale_2_im_6_grey.png,13,0.8758772015571594,0.006841421127319336
orange_peel,55-scale_2_im_6_grey.png,14,0.8706603646278381,0.005216836929321289
orange_peel,55-scale_2_im_6_grey.png,15,0.8655072450637817,0.0051531195640563965
orange_peel,55-scale_2_im_6_grey.png,16,0.857653796672821,0.007853448390960693
orange_peel,55-scale_2_im_6_grey.png,17,0.8519503474235535,0.005703449249267578
orange_peel,55-scale_2_im_6_grey.png,18,0.8479118347167969,0.004038512706756592
orange_peel,55-scale_2_im_6_grey.png,19,0.8442432880401611,0.003668546676635742
orange_peel,55-scale_2_im_6_grey.png,20,0.8406813144683838,0.0035619735717773438
orange_peel,55-scale_2_im_7_grey.png,1,0.9920560121536255,0.007943987846374512
orange_peel,55-scale_2_im_7_grey.png,2,0.9764341115951538,0.01562190055847168
orange_peel,55-scale_2_im_7_grey.png,3,0.963085412979126,0.013348698616027832
orange_peel,55-scale_2_im_7_grey.png,4,0.9495638012886047,0.01352161169052124
orange_peel,55-scale_2_im_7_grey.png,5,0.9396212697029114,0.00994253158569336
orange_peel,55-scale_2_im_7_grey.png,6,0.9340972304344177,0.005524039268493652
orange_peel,55-scale_2_im_7_grey.png,7,0.9284278154373169,0.00566941499710083
orange_peel,55-scale_2_im_7_grey.png,8,0.9251121878623962,0.0033156275749206543
orange_peel,55-scale_2_im_7_grey.png,9,0.92136150598526,0.0037506818771362305
orange_peel,55-scale_2_im_7_grey.png,10,0.9180033206939697,0.003358185291290283
orange_peel,55-scale_2_im_7_grey.png,11,0.9151102900505066,0.0028930306434631348
orange_peel,55-scale_2_im_7_grey.png,12,0.9114235043525696,0.0036867856979370117
orange_peel,55-scale_2_im_7_grey.png,13,0.908289909362793,0.0031335949897766113
orange_peel,55-scale_2_im_7_grey.png,14,0.9047730565071106,0.003516852855682373
orange_peel,55-scale_2_im_7_grey.png,15,0.9011215567588806,0.0036514997482299805
orange_peel,55-scale_2_im_7_grey.png,16,0.897489070892334,0.003632485866546631
orange_peel,55-scale_2_im_7_grey.png,17,0.893948495388031,0.0035405755043029785
orange_peel,55-scale_2_im_7_grey.png,18,0.8898685574531555,0.004079937934875488
orange_peel,55-scale_2_im_7_grey.png,19,0.887302815914154,0.002565741539001465
orange_peel,55-scale_2_im_7_grey.png,20,0.8851458430290222,0.002156972885131836
orange_peel,55-scale_2_im_8_grey.png,1,0.9887505769729614,0.011249423027038574
orange_peel,55-scale_2_im_8_grey.png,2,0.9664468169212341,0.022303760051727295
orange_peel,55-scale_2_im_8_grey.png,3,0.9480441808700562,0.01840263605117798
orange_peel,55-scale_2_im_8_grey.png,4,0.9285561442375183,0.019488036632537842
orange_peel,55-scale_2_im_8_grey.png,5,0.9134592413902283,0.015096902847290039
orange_peel,55-scale_2_im_8_grey.png,6,0.905327320098877,0.008131921291351318
orange_peel,55-scale_2_im_8_grey.png,7,0.8973466157913208,0.007980704307556152
orange_peel,55-scale_2_im_8_grey.png,8,0.8918302655220032,0.005516350269317627
orange_peel,55-scale_2_im_8_grey.png,9,0.88657546043396,0.005254805088043213
orange_peel,55-scale_2_im_8_grey.png,10,0.8817994594573975,0.0047760009765625
orange_peel,55-scale_2_im_8_grey.png,11,0.8783831596374512,0.003416299819946289
orange_peel,55-scale_2_im_8_grey.png,12,0.8752545714378357,0.0031285881996154785
orange_peel,55-scale_2_im_8_grey.png,13,0.8722004294395447,0.0030541419982910156
orange_peel,55-scale_2_im_8_grey.png,14,0.8691446781158447,0.003055751323699951
orange_peel,55-scale_2_im_8_grey.png,15,0.8664976954460144,0.0026469826698303223
orange_peel,55-scale_2_im_8_grey.png,16,0.8632969260215759,0.0032007694244384766
orange_peel,55-scale_2_im_8_grey.png,17,0.8594359159469604,0.0038610100746154785
orange_peel,55-scale_2_im_8_grey.png,18,0.8562791347503662,0.0031567811965942383
orange_peel,55-scale_2_im_8_grey.png,19,0.8538684844970703,0.0024106502532958984
orange_peel,55-scale_2_im_8_grey.png,20,0.852189838886261,0.0016786456108093262
orange_peel,55-scale_2_im_9_grey.png,1,0.9881017208099365,0.011898279190063477
orange_peel,55-scale_2_im_9_grey.png,2,0.96745365858078,0.020648062229156494
orange_peel,55-scale_2_im_9_grey.png,3,0.9509522318840027,0.016501426696777344
orange_peel,55-scale_2_im_9_grey.png,4,0.9349300265312195,0.016022205352783203
orange_peel,55-scale_2_im_9_grey.png,5,0.9227745532989502,0.012155473232269287
orange_peel,55-scale_2_im_9_grey.png,6,0.9154305458068848,0.00734400749206543
orange_peel,55-scale_2_im_9_grey.png,7,0.9070591330528259,0.008371412754058838
orange_peel,55-scale_2_im_9_grey.png,8,0.901208221912384,0.0058509111404418945
orange_peel,55-scale_2_im_9_grey.png,9,0.8939098119735718,0.007298409938812256
orange_peel,55-scale_2_im_9_grey.png,10,0.8864240050315857,0.007485806941986084
orange_peel,55-scale_2_im_9_grey.png,11,0.8796088099479675,0.006815195083618164
orange_peel,55-scale_2_im_9_grey.png,12,0.8726142644882202,0.0069945454597473145
orange_peel,55-scale_2_im_9_grey.png,13,0.8667240738868713,0.005890190601348877
orange_peel,55-scale_2_im_9_grey.png,14,0.8606816530227661,0.006042420864105225
orange_peel,55-scale_2_im_9_grey.png,15,0.8543998599052429,0.006281793117523193
orange_peel,55-scale_2_im_9_grey.png,16,0.8491188287734985,0.005281031131744385
orange_peel,55-scale_2_im_9_grey.png,17,0.8438021540641785,0.005316674709320068
orange_peel,55-scale_2_im_9_grey.png,18,0.8369304537773132,0.006871700286865234
orange_peel,55-scale_2_im_9_grey.png,19,0.8322442770004272,0.004686176776885986
orange_peel,55-scale_2_im_9_grey.png,20,0.8274422287940979,0.004802048206329346
orange_peel,55-scale_3_im_1_grey.png,1,0.9779092669487,0.02209073305130005
orange_peel,55-scale_3_im_1_grey.png,2,0.9500311613082886,0.027878105640411377
orange_peel,55-scale_3_im_1_grey.png,3,0.9304042458534241,0.019626915454864502
orange_peel,55-scale_3_im_1_grey.png,4,0.9139149188995361,0.01648932695388794
orange_peel,55-scale_3_im_1_grey.png,5,0.9045214056968689,0.009393513202667236
orange_peel,55-scale_3_im_1_grey.png,6,0.8997325897216797,0.004788815975189209
orange_peel,55-scale_3_im_1_grey.png,7,0.8942100405693054,0.005522549152374268
orange_peel,55-scale_3_im_1_grey.png,8,0.8895634412765503,0.004646599292755127
orange_peel,55-scale_3_im_1_grey.png,9,0.8855307102203369,0.004032731056213379
orange_peel,55-scale_3_im_1_grey.png,10,0.8806454539299011,0.004885256290435791
orange_peel,55-scale_3_im_1_grey.png,11,0.8758499026298523,0.004795551300048828
orange_peel,55-scale_3_im_1_grey.png,12,0.8711678385734558,0.004682064056396484
orange_peel,55-scale_3_im_1_grey.png,13,0.8681278824806213,0.0030399560928344727
orange_peel,55-scale_3_im_1_grey.png,14,0.8651093244552612,0.0030185580253601074
orange_peel,55-scale_3_im_1_grey.png,15,0.8618379235267639,0.0032714009284973145
orange_peel,55-scale_3_im_1_grey.png,16,0.8567774295806885,0.0050604939460754395
orange_peel,55-scale_3_im_1_grey.png,17,0.8537261486053467,0.003051280975341797
orange_peel,55-scale_3_im_1_grey.png,18,0.8512754440307617,0.002450704574584961
orange_peel,55-scale_3_im_1_grey.png,19,0.8466115593910217,0.00466388463973999
orange_peel,55-scale_3_im_1_grey.png,20,0.842572808265686,0.004038751125335693
orange_peel,55-scale_3_im_2_grey.png,1,0.9790741801261902,0.020925819873809814
orange_peel,55-scale_3_im_2_grey.png,2,0.951276957988739,0.027797222137451172
orange_peel,55-scale_3_im_2_grey.png,3,0.9332784414291382,0.01799851655960083
orange_peel,55-scale_3_im_2_grey.png,4,0.9174792170524597,0.015799224376678467
orange_peel,55-scale_3_im_2_grey.png,5,0.9075121879577637,0.009967029094696045
orange_peel,55-scale_3_im_2_grey.png,6,0.9015910029411316,0.00592118501663208
orange_peel,55-scale_3_im_2_grey.png,7,0.8950052857398987,0.00658571720123291
orange_peel,55-scale_3_im_2_grey.png,8,0.8898443579673767,0.005160927772521973
orange_peel,55-scale_3_im_2_grey.png,9,0.8847819566726685,0.005062401294708252
orange_peel,55-scale_3_im_2_grey.png,10,0.8796880841255188,0.005093872547149658
orange_peel,55-scale_3_im_2_grey.png,11,0.8756443858146667,0.004043698310852051
orange_peel,55-scale_3_im_2_grey.png,12,0.8702113628387451,0.005433022975921631
orange_peel,55-scale_3_im_2_grey.png,13,0.8656898736953735,0.004521489143371582
orange_peel,55-scale_3_im_2_grey.png,14,0.8622809052467346,0.003408968448638916
orange_peel,55-scale_3_im_2_grey.png,15,0.8590859770774841,0.0031949281692504883
orange_peel,55-scale_3_im_2_grey.png,16,0.8542565703392029,0.00482940673828125
orange_peel,55-scale_3_im_2_grey.png,17,0.8502846956253052,0.003971874713897705
orange_peel,55-scale_3_im_2_grey.png,18,0.8443498611450195,0.0059348344802856445
orange_peel,55-scale_3_im_2_grey.png,19,0.8400790095329285,0.0042708516120910645
orange_peel,55-scale_3_im_2_grey.png,20,0.8357229828834534,0.004356026649475098
sponge,21-scale_1_im_1_grey.png,1,0.9946330189704895,0.005366981029510498
sponge,21-scale_1_im_1_grey.png,2,0.985245943069458,0.009387075901031494
sponge,21-scale_1_im_1_grey.png,3,0.9767478108406067,0.008498132228851318
sponge,21-scale_1_im_1_grey.png,4,0.9672455787658691,0.009502232074737549
sponge,21-scale_1_im_1_grey.png,5,0.95794278383255,0.009302794933319092
sponge,21-scale_1_im_1_grey.png,6,0.9500666260719299,0.007876157760620117
sponge,21-scale_1_im_1_grey.png,7,0.9403784275054932,0.009688198566436768
sponge,21-scale_1_im_1_grey.png,8,0.9332284331321716,0.007149994373321533
sponge,21-scale_1_im_1_grey.png,9,0.9256036877632141,0.0076247453689575195
sponge,21-scale_1_im_1_grey.png,10,0.9174413681030273,0.008162319660186768
sponge,21-scale_1_im_1_grey.png,11,0.9095023274421692,0.007939040660858154
sponge,21-scale_1_im_1_grey.png,12,0.9024941921234131,0.0070081353187561035
sponge,21-scale_1_im_1_grey.png,13,0.8933565616607666,0.009137630462646484
sponge,21-scale_1_im_1_grey.png,14,0.8851484656333923,0.008208096027374268
sponge,21-scale_1_im_1_grey.png,15,0.8797595500946045,0.005388915538787842
sponge,21-scale_1_im_1_grey.png,16,0.8719919323921204,0.007767617702484131
sponge,21-scale_1_im_1_grey.png,17,0.8656004667282104,0.006391465663909912
sponge,21-scale_1_im_1_grey.png,18,0.8608838319778442,0.004716634750366211
sponge,21-scale_1_im_1_grey.png,19,0.8520075678825378,0.008876264095306396
sponge,21-scale_1_im_1_grey.png,20,0.845018744468689,0.006988823413848877
sponge,21-scale_1_im_2_grey.png,1,0.9938318729400635,0.0061681270599365234
sponge,21-scale_1_im_2_grey.png,2,0.9821622967720032,0.011669576168060303
sponge,21-scale_1_im_2_grey.png,3,0.9714149832725525,0.010747313499450684
sponge,21-scale_1_im_2_grey.png,4,0.9600831866264343,0.011331796646118164
sponge,21-scale_1_im_2_grey.png,5,0.9474170207977295,0.012666165828704834
sponge,21-scale_1_im_2_grey.png,6,0.9376627802848816,0.0097542405128479
sponge,21-scale_1_im_2_grey.png,7,0.9252310395240784,0.012431740760803223
sponge,21-scale_1_im_2_grey.png,8,0.9156870245933533,0.009544014930725098
sponge,21-scale_1_im_2_grey.png,9,0.9048290848731995,0.010857939720153809
sponge,21-scale_1_im_2_grey.png,10,0.8944892883300781,0.010339796543121338
sponge,21-scale_1_im_2_grey.png,11,0.8862133026123047,0.008275985717773438
sponge,21-scale_1_im_2_grey.png,12,0.8774725794792175,0.008740723133087158
sponge,21-scale_1_im_2_grey.png,13,0.8663331270217896,0.011139452457427979
sponge,21-scale_1_im_2_grey.png,14,0.8556445240974426,0.010688602924346924
sponge,21-scale_1_im_2_grey.png,15,0.8465297818183899,0.009114742279052734
sponge,21-scale_1_im_2_grey.png,16,0.8390207886695862,0.007508993148803711
sponge,21-scale_1_im_2_grey.png,17,0.8315008878707886,0.007519900798797607
sponge,21-scale_1_im_2_grey.png,18,0.8241460919380188,0.007354795932769775
sponge,21-scale_1_im_2_grey.png,19,0.8130444884300232,0.011101603507995605
sponge,21-scale_1_im_2_grey.png,20,0.8062506318092346,0.006793856620788574
sponge,21-scale_1_im_3_grey.png,1,0.9899449348449707,0.010055065155029297
sponge,21-scale_1_im_3_grey.png,2,0.9724555015563965,0.01748943328857422
sponge,21-scale_1_im_3_grey.png,3,0.9561796188354492,0.016275882720947266
sponge,21-scale_1_im_3_grey.png,4,0.9375045299530029,0.01867508888244629
sponge,21-scale_1_im_3_grey.png,5,0.9192867279052734,0.018217802047729492
sponge,21-scale_1_im_3_grey.png,6,0.9024715423583984,0.016815185546875
sponge,21-scale_1_im_3_grey.png,7,0.8845293521881104,0.017942190170288086
sponge,21-scale_1_im_3_grey.png,8,0.8719871640205383,0.012542188167572021
sponge,21-scale_1_im_3_grey.png,9,0.8560080528259277,0.015979111194610596
sponge,21-scale_1_im_3_grey.png,10,0.8410477638244629,0.014960289001464844
sponge,21-scale_1_im_3_grey.png,11,0.8254145383834839,0.015633225440979004
sponge,21-scale_1_im_3_grey.png,12,0.8127846121788025,0.012629926204681396
sponge,21-scale_1_im_3_grey.png,13,0.7990773320198059,0.013707280158996582
sponge,21-scale_1_im_3_grey.png,14,0.7856424450874329,0.013434886932373047
sponge,21-scale_1_im_3_grey.png,15,0.7734206318855286,0.012221813201904297
sponge,21-scale_1_im_3_grey.png,16,0.7571382522583008,0.016282379627227783
sponge,21-scale_1_im_3_grey.png,17,0.7447614073753357,0.012376844882965088
sponge,21-scale_1_im_3_grey.png,18,0.7363067865371704,0.008454620838165283
sponge,21-scale_1_im_3_grey.png,19,0.7230453491210938,0.01326143741607666
sponge,21-scale_1_im_3_grey.png,20,0.7128664255142212,0.010178923606872559
sponge,21-scale_1_im_4_grey.png,1,0.9737544655799866,0.026245534420013428
sponge,21-scale_1_im_4_grey.png,2,0.9432477951049805,0.030506670475006104
sponge,21-scale_1_im_4_grey.png,3,0.9234836101531982,0.019764184951782227
sponge,21-scale_1_im_4_grey.png,4,0.9054986834526062,0.01798492670059204
sponge,21-scale_1_im_4_grey.png,5,0.8872776627540588,0.018221020698547363
sponge,21-scale_1_im_4_grey.png,6,0.8730311989784241,0.014246463775634766
sponge,21-scale_1_im_4_grey.png,7,0.8563891649246216,0.01664203405380249
sponge,21-scale_1_im_4_grey.png,8,0.8429816961288452,0.013407468795776367
sponge,21-scale_1_im_4_grey.png,9,0.8277643918991089,0.015217304229736328
sponge,21-scale_1_im_4_grey.png,10,0.814147412776947,0.013616979122161865
sponge,21-scale_1_im_4_grey.png,11,0.7998438477516174,0.01430356502532959
sponge,21-scale_1_im_4_grey.png,12,0.7826834321022034,0.017160415649414062
sponge,21-scale_1_im_4_grey.png,13,0.7689380049705505,0.013745427131652832
sponge,21-scale_1_im_4_grey.png,14,0.7588827013969421,0.010055303573608398
sponge,21-scale_1_im_4_grey.png,15,0.7488610744476318,0.010021626949310303
sponge,21-scale_1_im_4_grey.png,16,0.7387820482254028,0.010079026222229004
sponge,21-scale_1_im_4_grey.png,17,0.727303147315979,0.011478900909423828
sponge,21-scale_1_im_4_grey.png,18,0.7197820544242859,0.007521092891693115
sponge,21-scale_1_im_4_grey.png,19,0.7092121243476868,0.010569930076599121
sponge,21-scale_1_im_4_grey.png,20,0.7006685137748718,0.008543610572814941
sponge,21-scale_1_im_5_grey.png,1,0.9627721309661865,0.03722786903381348
sponge,21-scale_1_im_5_grey.png,2,0.9138057827949524,0.04896634817123413
sponge,21-scale_1_im_5_grey.png,3,0.8824124932289124,0.03139328956604004
sponge,21-scale_1_im_5_grey.png,4,0.8499181866645813,0.032494306564331055
sponge,21-scale_1_im_5_grey.png,5,0.8178752064704895,0.0320429801940918
sponge,21-scale_1_im_5_grey.png,6,0.7947565913200378,0.02311861515045166
sponge,21-scale_1_im_5_grey.png,7,0.7685810923576355,0.026175498962402344
sponge,21-scale_1_im_5_grey.png,8,0.7506126165390015,0.017968475818634033
sponge,21-scale_1_im_5_grey.png,9,0.7294585704803467,0.021154046058654785
sponge,21-scale_1_im_5_grey.png,10,0.7115159034729004,0.01794266700744629
sponge,21-scale_1_im_5_grey.png,11,0.6968902349472046,0.0146256685256958
sponge,21-scale_1_im_5_grey.png,12,0.6835473775863647,0.013342857360839844
sponge,21-scale_1_im_5_grey.png,13,0.6711074113845825,0.012439966201782227
sponge,21-scale_1_im_5_grey.png,14,0.656298041343689,0.014809370040893555
sponge,21-scale_1_im_5_grey.png,15,0.6399058103561401,0.016392230987548828
sponge,21-scale_1_im_5_grey.png,16,0.6292433142662048,0.010662496089935303
sponge,21-scale_1_im_5_grey.png,17,0.6163715124130249,0.012871801853179932
sponge,21-scale_1_im_5_grey.png,18,0.6043794751167297,0.011992037296295166
sponge,21-scale_1_im_5_grey.png,19,0.5946672558784485,0.00971221923828125
sponge,21-scale_1_im_5_grey.png,20,0.5848143696784973,0.009852886199951172
sponge,21-scale_1_im_6_grey.png,1,0.9526380896568298,0.047361910343170166
sponge,21-scale_1_im_6_grey.png,2,0.8972676992416382,0.05537039041519165
sponge,21-scale_1_im_6_grey.png,3,0.8596065044403076,0.037661194801330566
sponge,21-scale_1_im_6_grey.png,4,0.8235856890678406,0.03602081537246704
sponge,21-scale_1_im_6_grey.png,5,0.7899138331413269,0.03367185592651367
sponge,21-scale_1_im_6_grey.png,6,0.7678806781768799,0.02203315496444702
sponge,21-scale_1_im_6_grey.png,7,0.7413412928581238,0.026539385318756104
sponge,21-scale_1_im_6_grey.png,8,0.7227427363395691,0.018598556518554688
sponge,21-scale_1_im_6_grey.png,9,0.7002130150794983,0.0225297212600708
sponge,21-scale_1_im_6_grey.png,10,0.6807154417037964,0.019497573375701904
sponge,21-scale_1_im_6_grey.png,11,0.6618615388870239,0.01885390281677246
sponge,21-scale_1_im_6_grey.png,12,0.6442623138427734,0.01759922504425049
sponge,21-scale_1_im_6_grey.png,13,0.6298432946205139,0.014419019222259521
sponge,21-scale_1_im_6_grey.png,14,0.612643837928772,0.017199456691741943
sponge,21-scale_1_im_6_grey.png,15,0.6005899310112,0.012053906917572021
sponge,21-scale_1_im_6_grey.png,16,0.5889570713043213,0.011632859706878662
sponge,21-scale_1_im_6_grey.png,17,0.5752041339874268,0.013752937316894531
sponge,21-scale_1_im_6_grey.png,18,0.5653432607650757,0.009860873222351074
sponge,21-scale_1_im_6_grey.png,19,0.5578543543815613,0.007488906383514404
sponge,21-scale_1_im_6_grey.png,20,0.5520626902580261,0.005791664123535156
sponge,21-scale_1_im_7_grey.png,1,0.9936622381210327,0.006337761878967285
sponge,21-scale_1_im_7_grey.png,2,0.9821896553039551,0.011472582817077637
sponge,21-scale_1_im_7_grey.png,3,0.9726517200469971,0.009537935256958008
sponge,21-scale_1_im_7_grey.png,4,0.9625436663627625,0.01010805368423462
sponge,21-scale_1_im_7_grey.png,5,0.9527894258499146,0.0097542405128479
sponge,21-scale_1_im_7_grey.png,6,0.9438256621360779,0.00896376371383667
sponge,21-scale_1_im_7_grey.png,7,0.9328736662864685,0.010951995849609375
sponge,21-scale_1_im_7_grey.png,8,0.9240794777870178,0.008794188499450684
sponge,21-scale_1_im_7_grey.png,9,0.9161162972450256,0.007963180541992188
sponge,21-scale_1_im_7_grey.png,10,0.908004879951477,0.008111417293548584
sponge,21-scale_1_im_7_grey.png,11,0.9003183245658875,0.0076865553855896
sponge,21-scale_1_im_7_grey.png,12,0.8927733898162842,0.0075449347496032715
sponge,21-scale_1_im_7_grey.png,13,0.8866240978240967,0.0061492919921875
sponge,21-scale_1_im_7_grey.png,14,0.8793565630912781,0.0072675347328186035
sponge,21-scale_1_im_7_grey.png,15,0.8734966516494751,0.0058599114418029785
sponge,21-scale_1_im_7_grey.png,16,0.8664049506187439,0.007091701030731201
sponge,21-scale_1_im_7_grey.png,17,0.8607359528541565,0.005668997764587402
sponge,21-scale_1_im_7_grey.png,18,0.8564624786376953,0.004273474216461182
sponge,21-scale_1_im_7_grey.png,19,0.8525217175483704,0.003940761089324951
sponge,21-scale_1_im_7_grey.png,20,0.8491160869598389,0.003405630588531494
sponge,21-scale_1_im_8_grey.png,1,0.9930218458175659,0.006978154182434082
sponge,21-scale_1_im_8_grey.png,2,0.9815835952758789,0.011438250541687012
sponge,21-scale_1_im_8_grey.png,3,0.9725942015647888,0.008989393711090088
sponge,21-scale_1_im_8_grey.png,4,0.9641063809394836,0.008487820625305176
sponge,21-scale_1_im_8_grey.png,5,0.9566251635551453,0.007481217384338379
sponge,21-scale_1_im_8_grey.png,6,0.9501860737800598,0.006439089775085449
sponge,21-scale_1_im_8_grey.png,7,0.9433484673500061,0.006837606430053711
sponge,21-scale_1_im_8_grey.png,8,0.9372740983963013,0.006074368953704834
sponge,21-scale_1_im_8_grey.png,9,0.9299570918083191,0.007317006587982178
sponge,21-scale_1_im_8_grey.png,10,0.922286868095398,0.007670223712921143
sponge,21-scale_1_im_8_grey.png,11,0.9172561764717102,0.005030691623687744
sponge,21-scale_1_im_8_grey.png,12,0.9114408493041992,0.005815327167510986
sponge,21-scale_1_im_8_grey.png,13,0.906557023525238,0.004883825778961182
sponge,21-scale_1_im_8_grey.png,14,0.9027462005615234,0.0038108229637145996
sponge,21-scale_1_im_8_grey.png,15,0.8974930644035339,0.005253136157989502
sponge,21-scale_1_im_8_grey.png,16,0.8921211361885071,0.0053719282150268555
sponge,21-scale_1_im_8_grey.png,17,0.8861587047576904,0.00596243143081665
sponge,21-scale_1_im_8_grey.png,18,0.8811218738555908,0.005036830902099609
sponge,21-scale_1_im_8_grey.png,19,0.8750327229499817,0.006089150905609131
sponge,21-scale_1_im_8_grey.png,20,0.8719400763511658,0.003092646598815918
sponge,21-scale_1_im_9_grey.png,1,0.9870807528495789,0.012919247150421143
sponge,21-scale_1_im_9_grey.png,2,0.9624430537223816,0.024637699127197266
sponge,21-scale_1_im_9_grey.png,3,0.9409205913543701,0.021522462368011475
sponge,21-scale_1_im_9_grey.png,4,0.9179869890213013,0.022933602333068848
sponge,21-scale_1_im_9_grey.png,5,0.8958588242530823,0.022128164768218994
sponge,21-scale_1_im_9_grey.png,6,0.8781789541244507,0.017679870128631592
sponge,21-scale_1_im_9_grey.png,7,0.8551706075668335,0.023008346557617188
sponge,21-scale_1_im_9_grey.png,8,0.8387638926506042,0.016406714916229248
sponge,21-scale_1_im_9_grey.png,9,0.8224390745162964,0.01632481813430786
sponge,21-scale_1_im_9_grey.png,10,0.8038157820701599,0.018623292446136475
sponge,21-scale_1_im_9_grey.png,11,0.7892272472381592,0.014588534832000732
sponge,21-scale_1_im_9_grey.png,12,0.7766267657279968,0.012600481510162354
sponge,21-scale_1_im_9_grey.png,13,0.7672099471092224,0.009416818618774414
sponge,21-scale_1_im_9_grey.png,14,0.7558477520942688,0.011362195014953613
sponge,21-scale_1_im_9_grey.png,15,0.7456233501434326,0.010224401950836182
sponge,21-scale_1_im_9_grey.png,16,0.7323879599571228,0.013235390186309814
sponge,21-scale_1_im_9_grey.png,17,0.721721887588501,0.010666072368621826
sponge,21-scale_1_im_9_grey.png,18,0.7131423354148865,0.008579552173614502
sponge,21-scale_1_im_9_grey.png,19,0.7035781741142273,0.00956416130065918
sponge,21-scale_1_im_9_grey.png,20,0.6963217258453369,0.007256448268890381
sponge,21-scale_2_im_1_grey.png,1,0.9667900800704956,0.033209919929504395
sponge,21-scale_2_im_1_grey.png,2,0.9326927065849304,0.034097373485565186
sponge,21-scale_2_im_1_grey.png,3,0.9101794958114624,0.022513210773468018
sponge,21-scale_2_im_1_grey.png,4,0.8884401321411133,0.02173936367034912
sponge,21-scale_2_im_1_grey.png,5,0.8638994097709656,0.024540722370147705
sponge,21-scale_2_im_1_grey.png,6,0.8460163474082947,0.0178830623626709
sponge,21-scale_2_im_1_grey.png,7,0.8241420984268188,0.02187424898147583
sponge,21-scale_2_im_1_grey.png,8,0.8048980236053467,0.019244074821472168
sponge,21-scale_2_im_1_grey.png,9,0.7858989834785461,0.018999040126800537
sponge,21-scale_2_im_1_grey.png,10,0.7682492136955261,0.01764976978302002
sponge,21-scale_2_im_1_grey.png,11,0.7504271268844604,0.017822086811065674
sponge,21-scale_2_im_1_grey.png,12,0.7363594770431519,0.014067649841308594
sponge,21-scale_2_im_1_grey.png,13,0.7241129875183105,0.012246489524841309
sponge,21-scale_2_im_1_grey.png,14,0.7103999257087708,0.013713061809539795
sponge,21-scale_2_im_1_grey.png,15,0.6949654221534729,0.015434503555297852
sponge,21-scale_2_im_1_grey.png,16,0.6835580468177795,0.01140737533569336
sponge,21-scale_2_im_1_grey.png,17,0.6733271479606628,0.0102308988571167
sponge,21-scale_2_im_1_grey.png,18,0.6670053005218506,0.006321847438812256
sponge,21-scale_2_im_1_grey.png,19,0.6590166091918945,0.007988691329956055
sponge,21-scale_2_im_1_grey.png,20,0.6493354439735413,0.009681165218353271
sponge,21-scale_2_im_2_grey.png,1,0.959918200969696,0.040081799030303955
sponge,21-scale_2_im_2_grey.png,2,0.9196997880935669,0.04021841287612915
sponge,21-scale_2_im_2_grey.png,3,0.8926933407783508,0.027006447315216064
sponge,21-scale_2_im_2_grey.png,4,0.8680838346481323,0.024609506130218506
sponge,21-scale_2_im_2_grey.png,5,0.840785026550293,0.027298808097839355
sponge,21-scale_2_im_2_grey.png,6,0.8187848925590515,0.022000133991241455
sponge,21-scale_2_im_2_grey.png,7,0.7964394092559814,0.02234548330307007
sponge,21-scale_2_im_2_grey.png,8,0.7783711552619934,0.018068253993988037
sponge,21-scale_2_im_2_grey.png,9,0.7579510807991028,0.020420074462890625
sponge,21-scale_2_im_2_grey.png,10,0.7354451417922974,0.02250593900680542
sponge,21-scale_2_im_2_grey.png,11,0.7187374830245972,0.016707658767700195
sponge,21-scale_2_im_2_grey.png,12,0.7003763318061829,0.018361151218414307
sponge,21-scale_2_im_2_grey.png,13,0.6894615888595581,0.010914742946624756
sponge,21-scale_2_im_2_grey.png,14,0.6757485270500183,0.013713061809539795
sponge,21-scale_2_im_2_grey.png,15,0.6625298857688904,0.01321864128112793
sponge,21-scale_2_im_2_grey.png,16,0.6505352258682251,0.011994659900665283
sponge,21-scale_2_im_2_grey.png,17,0.6361933946609497,0.01434183120727539
sponge,21-scale_2_im_2_grey.png,18,0.6231037974357605,0.013089597225189209
sponge,21-scale_2_im_2_grey.png,19,0.6155163049697876,0.0075874924659729
sponge,21-scale_2_im_2_grey.png,20,0.6073667407035828,0.008149564266204834
sponge,21-scale_2_im_3_grey.png,1,0.9166803359985352,0.08331966400146484
sponge,21-scale_2_im_3_grey.png,2,0.8347578644752502,0.08192247152328491
sponge,21-scale_2_im_3_grey.png,3,0.7828369736671448,0.05192089080810547
sponge,21-scale_2_im_3_grey.png,4,0.7390367984771729,0.043800175189971924
sponge,21-scale_2_im_3_grey.png,5,0.698249876499176,0.040786921977996826
sponge,21-scale_2_im_3_grey.png,6,0.6642825603485107,0.03396731615066528
sponge,21-scale_2_im_3_grey.png,7,0.6324482560157776,0.031834304332733154
sponge,21-scale_2_im_3_grey.png,8,0.6085894107818604,0.023858845233917236
sponge,21-scale_2_im_3_grey.png,9,0.5809015035629272,0.027687907218933105
sponge,21-scale_2_im_3_grey.png,10,0.5595018267631531,0.02139967679977417
sponge,21-scale_2_im_3_grey.png,11,0.5371729135513306,0.02232891321182251
sponge,21-scale_2_im_3_grey.png,12,0.5152467489242554,0.021926164627075195
sponge,21-scale_2_im_3_grey.png,13,0.49675148725509644,0.018495261669158936
sponge,21-scale_2_im_3_grey.png,14,0.4835814833641052,0.013170003890991211
sponge,21-scale_2_im_3_grey.png,15,0.46910688281059265,0.014474600553512573
sponge,21-scale_2_im_3_grey.png,16,0.45707055926322937,0.012036323547363281
sponge,21-scale_2_im_3_grey.png,17,0.4488392174243927,0.00823134183883667
sponge,21-scale_2_im_3_grey.png,18,0.44041377305984497,0.00842544436454773
sponge,21-scale_2_im_3_grey.png,19,0.43130046129226685,0.009113311767578125
sponge,21-scale_2_im_3_grey.png,20,0.41933348774909973,0.011966973543167114
sponge,21-scale_2_im_4_grey.png,1,0.9546101093292236,0.04538989067077637
sponge,21-scale_2_im_4_grey.png,2,0.9084135890007019,0.04619652032852173
sponge,21-scale_2_im_4_grey.png,3,0.8773877620697021,0.031025826930999756
sponge,21-scale_2_im_4_grey.png,4,0.8461389541625977,0.031248807907104492
sponge,21-scale_2_im_4_grey.png,5,0.8135252594947815,0.03261369466781616
sponge,21-scale_2_im_4_grey.png,6,0.7912922501564026,0.022233009338378906
sponge,21-scale_2_im_4_grey.png,7,0.7620944380760193,0.0291978120803833
sponge,21-scale_2_im_4_grey.png,8,0.7421296238899231,0.01996481418609619
sponge,21-scale_2_im_4_grey.png,9,0.7185367941856384,0.023592829704284668
sponge,21-scale_2_im_4_grey.png,10,0.700481653213501,0.01805514097213745
sponge,21-scale_2_im_4_grey.png,11,0.6884569525718689,0.01202470064163208
sponge,21-scale_2_im_4_grey.png,12,0.6707766056060791,0.017680346965789795
sponge,21-scale_2_im_4_grey.png,13,0.6588871479034424,0.011889457702636719
sponge,21-scale_2_im_4_grey.png,14,0.6414682269096375,0.01741892099380493
sponge,21-scale_2_im_4_grey.png,15,0.6239144802093506,0.017553746700286865
sponge,21-scale_2_im_4_grey.png,16,0.6088823676109314,0.01503211259841919
sponge,21-scale_2_im_4_grey.png,17,0.6007683873176575,0.008113980293273926
sponge,21-scale_2_im_4_grey.png,18,0.5916314125061035,0.009136974811553955
sponge,21-scale_2_im_4_grey.png,19,0.5796422958374023,0.011989116668701172
sponge,21-scale_2_im_4_grey.png,20,0.5680487155914307,0.01159358024597168
sponge,21-scale_2_im_5_grey.png,1,0.9379230737686157,0.06207692623138428
sponge,21-scale_2_im_5_grey.png,2,0.8740566372871399,0.06386643648147583
sponge,21-scale_2_im_5_grey.png,3,0.8332061767578125,0.04085046052932739
sponge,21-scale_2_im_5_grey.png,4,0.7932290434837341,0.03997713327407837
sponge,21-scale_2_im_5_grey.png,5,0.7537274956703186,0.03950154781341553
sponge,21-scale_2_im_5_grey.png,6,0.7266336679458618,0.027093827724456787
sponge,21-scale_2_im_5_grey.png,7,0.6945636868476868,0.03206998109817505
sponge,21-scale_2_im_5_grey.png,8,0.6723532676696777,0.022210419178009033
sponge,21-scale_2_im_5_grey.png,9,0.6498984694480896,0.022454798221588135
sponge,21-scale_2_im_5_grey.png,10,0.6318284273147583,0.0180700421333313
sponge,21-scale_2_im_5_grey.png,11,0.6155595183372498,0.016268908977508545
sponge,21-scale_2_im_5_grey.png,12,0.5995050668716431,0.01605445146560669
sponge,21-scale_2_im_5_grey.png,13,0.5819294452667236,0.017575621604919434
sponge,21-scale_2_im_5_grey.png,14,0.5634119510650635,0.018517494201660156
sponge,21-scale_2_im_5_grey.png,15,0.540492832660675,0.022919118404388428
sponge,21-scale_2_im_5_grey.png,16,0.5268643498420715,0.013628482818603516
sponge,21-scale_2_im_5_grey.png,17,0.5173044204711914,0.009559929370880127
sponge,21-scale_2_im_5_grey.png,18,0.5098640322685242,0.007440388202667236
sponge,21-scale_2_im_5_grey.png,19,0.49867793917655945,0.011186093091964722
sponge,21-scale_2_im_5_grey.png,20,0.4913505017757416,0.007327437400817871
sponge,21-scale_2_im_6_grey.png,1,0.9159857630729675,0.08401423692703247
sponge,21-scale_2_im_6_grey.png,2,0.8307269811630249,0.08525878190994263
sponge,21-scale_2_im_6_grey.png,3,0.7789493203163147,0.051777660846710205
sponge,21-scale_2_im_6_grey.png,4,0.7299996614456177,0.04894965887069702
sponge,21-scale_2_im_6_grey.png,5,0.6867802143096924,0.04321944713592529
sponge,21-scale_2_im_6_grey.png,6,0.6548521518707275,0.031928062438964844
sponge,21-scale_2_im_6_grey.png,7,0.6196823716163635,0.035169780254364014
sponge,21-scale_2_im_6_grey.png,8,0.5961636900901794,0.023518681526184082
sponge,21-scale_2_im_6_grey.png,9,0.5740661025047302,0.02209758758544922
sponge,21-scale_2_im_6_grey.png,10,0.5487807393074036,0.02528536319732666
sponge,21-scale_2_im_6_grey.png,11,0.5336908102035522,0.015089929103851318
sponge,21-scale_2_im_6_grey.png,12,0.5172264575958252,0.01646435260772705
sponge,21-scale_2_im_6_grey.png,13,0.501421332359314,0.01580512523651123
sponge,21-scale_2_im_6_grey.png,14,0.48038429021835327,0.021037042140960693
sponge,21-scale_2_im_6_grey.png,15,0.4604490101337433,0.019935280084609985
sponge,21-scale_2_im_6_grey.png,16,0.44653427600860596,0.013914734125137329
sponge,21-scale_2_im_6_grey.png,17,0.43796810507774353,0.008566170930862427
sponge,21-scale_2_im_6_grey.png,18,0.42834895849227905,0.009619146585464478
sponge,21-scale_2_im_6_grey.png,19,0.41284266114234924,0.01550629734992981
sponge,21-scale_2_im_6_grey.png,20,0.4038475751876831,0.008995085954666138
sponge,21-scale_2_im_7_grey.png,1,0.962678074836731,0.03732192516326904
sponge,21-scale_2_im_7_grey.png,2,0.9268458485603333,0.035832226276397705
sponge,21-scale_2_im_7_grey.png,3,0.9048599004745483,0.021985948085784912
sponge,21-scale_2_im_7_grey.png,4,0.8841807842254639,0.020679116249084473
sponge,21-scale_2_im_7_grey.png,5,0.8637714982032776,0.02040928602218628
sponge,21-scale_2_im_7_grey.png,6,0.8471757173538208,0.016595780849456787
sponge,21-scale_2_im_7_grey.png,7,0.8282939195632935,0.018881797790527344
sponge,21-scale_2_im_7_grey.png,8,0.8147607445716858,0.013533174991607666
sponge,21-scale_2_im_7_grey.png,9,0.7992922067642212,0.0154685378074646
sponge,21-scale_2_im_7_grey.png,10,0.7858364582061768,0.013455748558044434
sponge,21-scale_2_im_7_grey.png,11,0.7733923196792603,0.012444138526916504
sponge,21-scale_2_im_7_grey.png,12,0.7595815658569336,0.01381075382232666
sponge,21-scale_2_im_7_grey.png,13,0.7449580430984497,0.014623522758483887
sponge,21-scale_2_im_7_grey.png,14,0.7327070832252502,0.012250959873199463
sponge,21-scale_2_im_7_grey.png,15,0.72327721118927,0.009429872035980225
sponge,21-scale_2_im_7_grey.png,16,0.7063659429550171,0.01691126823425293
sponge,21-scale_2_im_7_grey.png,17,0.6972476243972778,0.009118318557739258
sponge,21-scale_2_im_7_grey.png,18,0.6886115074157715,0.008636116981506348
sponge,21-scale_2_im_7_grey.png,19,0.6856114268302917,0.0030000805854797363
sponge,21-scale_2_im_7_grey.png,20,0.6775743365287781,0.008037090301513672
sponge,21-scale_2_im_8_grey.png,1,0.9659985303878784,0.03400146961212158
sponge,21-scale_2_im_8_grey.png,2,0.9359909892082214,0.030007541179656982
sponge,21-scale_2_im_8_grey.png,3,0.9176243543624878,0.018366634845733643
sponge,21-scale_2_im_8_grey.png,4,0.9014064073562622,0.016217947006225586
sponge,21-scale_2_im_8_grey.png,5,0.8847578167915344,0.016648590564727783
sponge,21-scale_2_im_8_grey.png,6,0.8736628890037537,0.011094927787780762
sponge,21-scale_2_im_8_grey.png,7,0.858735978603363,0.014926910400390625
sponge,21-scale_2_im_8_grey.png,8,0.8462831377983093,0.012452840805053711
sponge,21-scale_2_im_8_grey.png,9,0.8341228365898132,0.012160301208496094
sponge,21-scale_2_im_8_grey.png,10,0.8201153874397278,0.01400744915008545
sponge,21-scale_2_im_8_grey.png,11,0.8081777095794678,0.01193767786026001
sponge,21-scale_2_im_8_grey.png,12,0.7980145812034607,0.01016312837600708
sponge,21-scale_2_im_8_grey.png,13,0.7870731353759766,0.01094144582748413
sponge,21-scale_2_im_8_grey.png,14,0.7756499648094177,0.011423170566558838
sponge,21-scale_2_im_8_grey.png,15,0.7672836184501648,0.00836634635925293
sponge,21-scale_2_im_8_grey.png,16,0.7533794045448303,0.013904213905334473
sponge,21-scale_2_im_8_grey.png,17,0.7446386814117432,0.008740723133087158
sponge,21-scale_2_im_8_grey.png,18,0.737051248550415,0.007587432861328125
sponge,21-scale_2_im_8_grey.png,19,0.7300246357917786,0.007026612758636475
sponge,21-scale_2_im_8_grey.png,20,0.7253113389015198,0.004713296890258789
sponge,21-scale_2_im_9_grey.png,1,0.9137800931930542,0.0862199068069458
sponge,21-scale_2_im_9_grey.png,2,0.8316312432289124,0.08214884996414185
sponge,21-scale_2_im_9_grey.png,3,0.7829275727272034,0.048703670501708984
sponge,21-scale_2_im_9_grey.png,4,0.7383843064308167,0.04454326629638672
sponge,21-scale_2_im_9_grey.png,5,0.7002661228179932,0.038118183612823486
sponge,21-scale_2_im_9_grey.png,6,0.6721925139427185,0.028073608875274658
sponge,21-scale_2_im_9_grey.png,7,0.640509307384491,0.03168320655822754
sponge,21-scale_2_im_9_grey.png,8,0.619032084941864,0.021477222442626953
sponge,21-scale_2_im_9_grey.png,9,0.5983694195747375,0.020662665367126465
sponge,21-scale_2_im_9_grey.png,10,0.5771164298057556,0.021252989768981934
sponge,21-scale_2_im_9_grey.png,11,0.5598762035369873,0.01724022626876831
sponge,21-scale_2_im_9_grey.png,12,0.5449637770652771,0.014912426471710205
sponge,21-scale_2_im_9_grey.png,13,0.5314332246780396,0.013530552387237549
sponge,21-scale_2_im_9_grey.png,14,0.5204842686653137,0.01094895601272583
sponge,21-scale_2_im_9_grey.png,15,0.5068855881690979,0.01359868049621582
sponge,21-scale_2_im_9_grey.png,16,0.4916222095489502,0.015263378620147705
sponge,21-scale_2_im_9_grey.png,17,0.47562623023986816,0.01599597930908203
sponge,21-scale_2_im_9_grey.png,18,0.4680909514427185,0.007535278797149658
sponge,21-scale_2_im_9_grey.png,19,0.45455771684646606,0.013533234596252441
sponge,21-scale_2_im_9_grey.png,20,0.44261667132377625,0.01194104552268982
sponge,21-scale_3_im_1_grey.png,1,0.9716101288795471,0.02838987112045288
sponge,21-scale_3_im_1_grey.png,2,0.9436455368995667,0.02796459197998047
sponge,21-scale_3_im_1_grey.png,3,0.9232692718505859,0.020376265048980713
sponge,21-scale_3_im_1_grey.png,4,0.9021161198616028,0.021153151988983154
sponge,21-scale_3_im_1_grey.png,5,0.8799964785575867,0.022119641304016113
sponge,21-scale_3_im_1_grey.png,6,0.8620542287826538,0.01794224977493286
sponge,21-scale_3_im_1_grey.png,7,0.8386697173118591,0.023384511470794678
sponge,21-scale_3_im_1_grey.png,8,0.8215032815933228,0.017166435718536377
sponge,21-scale_3_im_1_grey.png,9,0.8077151775360107,0.013788104057312012
sponge,21-scale_3_im_1_grey.png,10,0.7924507260322571,0.015264451503753662
sponge,21-scale_3_im_1_grey.png,11,0.7779751420021057,0.014475584030151367
sponge,21-scale_3_im_1_grey.png,12,0.7616633772850037,0.01631176471710205
sponge,21-scale_3_im_1_grey.png,13,0.7501113414764404,0.011552035808563232
sponge,21-scale_3_im_1_grey.png,14,0.7319266200065613,0.01818472146987915
sponge,21-scale_3_im_1_grey.png,15,0.7196468114852905,0.012279808521270752
sponge,21-scale_3_im_1_grey.png,16,0.7105911374092102,0.009055674076080322
sponge,21-scale_3_im_1_grey.png,17,0.7002457976341248,0.01034533977508545
sponge,21-scale_3_im_1_grey.png,18,0.6942182183265686,0.006027579307556152
sponge,21-scale_3_im_1_grey.png,19,0.6862176656723022,0.008000552654266357
sponge,21-scale_3_im_1_grey.png,20,0.6765102744102478,0.009707391262054443
sponge,21-scale_3_im_2_grey.png,1,0.9684169888496399,0.03158301115036011
sponge,21-scale_3_im_2_grey.png,2,0.9360621571540833,0.03235483169555664
sponge,21-scale_3_im_2_grey.png,3,0.912566065788269,0.02349609136581421
sponge,21-scale_3_im_2_grey.png,4,0.8885349631309509,0.024031102657318115
sponge,21-scale_3_im_2_grey.png,5,0.8634910583496094,0.025043904781341553
sponge,21-scale_3_im_2_grey.png,6,0.8448671698570251,0.01862388849258423
sponge,21-scale_3_im_2_grey.png,7,0.8212209939956665,0.023646175861358643
sponge,21-scale_3_im_2_grey.png,8,0.8047167658805847,0.016504228115081787
sponge,21-scale_3_im_2_grey.png,9,0.7886841893196106,0.01603257656097412
sponge,21-scale_3_im_2_grey.png,10,0.7725486159324646,0.016135573387145996
sponge,21-scale_3_im_2_grey.png,11,0.7567944526672363,0.01575416326522827
sponge,21-scale_3_im_2_grey.png,12,0.7383301258087158,0.018464326858520508
sponge,21-scale_3_im_2_grey.png,13,0.7234838604927063,0.014846265316009521
sponge,21-scale_3_im_2_grey.png,14,0.7047519087791443,0.01873195171356201
sponge,21-scale_3_im_2_grey.png,15,0.6891466975212097,0.01560521125793457
sponge,21-scale_3_im_2_grey.png,16,0.6785505414009094,0.010596156120300293
sponge,21-scale_3_im_2_grey.png,17,0.6702882051467896,0.008262336254119873
sponge,21-scale_3_im_2_grey.png,18,0.6624189615249634,0.007869243621826172
sponge,21-scale_3_im_2_grey.png,19,0.6541037559509277,0.008315205574035645
sponge,21-scale_3_im_2_grey.png,20,0.6452130675315857,0.008890688419342041
